"Date and Time Run 1","Time (s) Run 1","Position (m) Run 1","Velocity (m/s) Run 1","Acceleration (m/sÂ²) Run 1","Date and Time Run 2","Time (s) Run 2","Position (m) Run 2","Velocity (m/s) Run 2","Acceleration (m/sÂ²) Run 2","Date and Time Run 3","Time (s) Run 3","Position (m) Run 3","Velocity (m/s) Run 3","Acceleration (m/sÂ²) Run 3"
05/06/2022 02:33:21 pm,0.000,0.50,,,05/06/2022 02:36:13 pm,0.000,0.47,,,05/06/2022 02:36:52 pm,0.000,0.49,,
05/06/2022 02:33:21 pm,0.050,0.50,0.01,,05/06/2022 02:36:13 pm,0.050,0.48,0.26,,05/06/2022 02:36:52 pm,0.010,0.49,-0.24,
05/06/2022 02:33:21 pm,0.100,0.50,0.01,0.03,05/06/2022 02:36:13 pm,0.100,0.49,0.29,0.43,05/06/2022 02:36:52 pm,0.020,0.48,-0.24,0.49
05/06/2022 02:33:21 pm,0.150,0.50,0.01,0.01,05/06/2022 02:36:13 pm,0.150,0.51,0.30,-0.24,05/06/2022 02:36:52 pm,0.030,0.48,-0.23,0.92
05/06/2022 02:33:21 pm,0.200,0.50,0.01,-0.01,05/06/2022 02:36:13 pm,0.200,0.52,0.27,-0.90,05/06/2022 02:36:52 pm,0.040,0.48,-0.22,1.19
05/06/2022 02:33:21 pm,0.250,0.50,0.01,-0.02,05/06/2022 02:36:13 pm,0.250,0.54,0.21,-1.45,05/06/2022 02:36:52 pm,0.050,0.48,-0.21,1.24
05/06/2022 02:33:21 pm,0.300,0.50,0.01,-0.04,05/06/2022 02:36:13 pm,0.300,0.55,0.12,-1.74,05/06/2022 02:36:52 pm,0.060,0.47,-0.19,1.24
05/06/2022 02:33:21 pm,0.350,0.50,0.00,-0.05,05/06/2022 02:36:13 pm,0.350,0.55,0.02,-1.75,05/06/2022 02:36:52 pm,0.070,0.47,-0.18,1.28
05/06/2022 02:33:21 pm,0.400,0.50,6.40E-4,-0.05,05/06/2022 02:36:13 pm,0.400,0.55,-0.07,-1.57,05/06/2022 02:36:52 pm,0.080,0.47,-0.17,1.38
05/06/2022 02:33:21 pm,0.450,0.50,0.00,-0.04,05/06/2022 02:36:13 pm,0.450,0.54,-0.14,-1.30,05/06/2022 02:36:52 pm,0.090,0.47,-0.15,1.43
05/06/2022 02:33:21 pm,0.500,0.50,0.00,-0.03,05/06/2022 02:36:13 pm,0.500,0.53,-0.20,-1.00,05/06/2022 02:36:52 pm,0.100,0.47,-0.14,1.47
05/06/2022 02:33:21 pm,0.550,0.50,-0.01,-0.03,05/06/2022 02:36:13 pm,0.550,0.52,-0.24,-0.65,05/06/2022 02:36:52 pm,0.110,0.47,-0.13,1.58
05/06/2022 02:33:21 pm,0.600,0.50,-0.01,-0.02,05/06/2022 02:36:13 pm,0.600,0.51,-0.27,-0.21,05/06/2022 02:36:52 pm,0.120,0.47,-0.11,1.60
05/06/2022 02:33:21 pm,0.650,0.50,-0.01,-0.01,05/06/2022 02:36:13 pm,0.650,0.49,-0.26,0.30,05/06/2022 02:36:52 pm,0.130,0.46,-0.09,1.45
05/06/2022 02:33:21 pm,0.700,0.50,-0.01,0.01,05/06/2022 02:36:13 pm,0.700,0.48,-0.24,0.83,05/06/2022 02:36:52 pm,0.140,0.46,-0.08,1.31
05/06/2022 02:33:21 pm,0.750,0.50,-0.01,0.02,05/06/2022 02:36:13 pm,0.750,0.47,-0.18,1.26,05/06/2022 02:36:52 pm,0.150,0.46,-0.07,1.48
05/06/2022 02:33:21 pm,0.800,0.50,-0.01,0.03,05/06/2022 02:36:13 pm,0.800,0.46,-0.10,1.55,05/06/2022 02:36:52 pm,0.160,0.46,-0.05,1.89
05/06/2022 02:33:21 pm,0.850,0.50,0.00,0.04,05/06/2022 02:36:13 pm,0.850,0.46,-0.02,1.65,05/06/2022 02:36:52 pm,0.170,0.46,-0.03,2.12
05/06/2022 02:33:21 pm,0.900,0.50,0.00,0.05,05/06/2022 02:36:13 pm,0.900,0.46,0.07,1.58,05/06/2022 02:36:52 pm,0.180,0.46,-0.01,1.99
05/06/2022 02:33:21 pm,0.950,0.50,0.00,0.05,05/06/2022 02:36:13 pm,0.950,0.47,0.15,1.35,05/06/2022 02:36:52 pm,0.190,0.46,0.01,1.73
05/06/2022 02:33:22 pm,1.000,0.50,0.00,0.04,05/06/2022 02:36:14 pm,1.000,0.48,0.21,1.00,05/06/2022 02:36:52 pm,0.200,0.46,0.03,1.66
05/06/2022 02:33:22 pm,1.050,0.50,0.01,0.03,05/06/2022 02:36:14 pm,1.050,0.49,0.25,0.56,05/06/2022 02:36:52 pm,0.210,0.46,0.04,1.77
05/06/2022 02:33:22 pm,1.100,0.50,0.01,0.01,05/06/2022 02:36:14 pm,1.100,0.50,0.26,0.09,05/06/2022 02:36:52 pm,0.220,0.46,0.06,1.75
05/06/2022 02:33:22 pm,1.150,0.50,0.01,-0.01,05/06/2022 02:36:14 pm,1.150,0.52,0.26,-0.40,05/06/2022 02:36:52 pm,0.230,0.46,0.08,1.50
05/06/2022 02:33:22 pm,1.200,0.50,0.01,-0.02,05/06/2022 02:36:14 pm,1.200,0.53,0.22,-0.88,05/06/2022 02:36:52 pm,0.240,0.46,0.09,1.32
05/06/2022 02:33:22 pm,1.250,0.50,0.01,-0.03,05/06/2022 02:36:14 pm,1.250,0.54,0.17,-1.28,05/06/2022 02:36:52 pm,0.250,0.47,0.10,1.41
05/06/2022 02:33:22 pm,1.300,0.50,0.00,-0.04,05/06/2022 02:36:14 pm,1.300,0.55,0.09,-1.54,05/06/2022 02:36:52 pm,0.260,0.47,0.12,1.58
05/06/2022 02:33:22 pm,1.350,0.50,0.00,-0.04,05/06/2022 02:36:14 pm,1.350,0.55,0.01,-1.63,05/06/2022 02:36:52 pm,0.270,0.47,0.14,1.58
05/06/2022 02:33:22 pm,1.400,0.50,0.00,-0.04,05/06/2022 02:36:14 pm,1.400,0.55,-0.08,-1.59,05/06/2022 02:36:52 pm,0.280,0.47,0.15,1.53
05/06/2022 02:33:22 pm,1.450,0.50,0.00,-0.03,05/06/2022 02:36:14 pm,1.450,0.54,-0.15,-1.46,05/06/2022 02:36:52 pm,0.290,0.47,0.17,1.54
05/06/2022 02:33:22 pm,1.500,0.50,0.00,-0.02,05/06/2022 02:36:14 pm,1.500,0.53,-0.23,-1.15,05/06/2022 02:36:52 pm,0.300,0.47,0.18,1.46
05/06/2022 02:33:22 pm,1.550,0.50,-0.01,-0.02,05/06/2022 02:36:14 pm,1.550,0.52,-0.28,-0.62,05/06/2022 02:36:52 pm,0.310,0.47,0.20,1.23
05/06/2022 02:33:22 pm,1.600,0.50,-0.01,-0.01,05/06/2022 02:36:14 pm,1.600,0.50,-0.30,0.09,05/06/2022 02:36:52 pm,0.320,0.48,0.21,0.97
05/06/2022 02:33:22 pm,1.650,0.50,-0.01,0.00,05/06/2022 02:36:14 pm,1.650,0.49,-0.27,0.78,05/06/2022 02:36:52 pm,0.330,0.48,0.22,0.86
05/06/2022 02:33:22 pm,1.700,0.50,-0.01,0.02,05/06/2022 02:36:14 pm,1.700,0.47,-0.21,1.33,05/06/2022 02:36:52 pm,0.340,0.48,0.23,0.86
05/06/2022 02:33:22 pm,1.750,0.50,0.00,0.04,05/06/2022 02:36:14 pm,1.750,0.46,-0.13,1.64,05/06/2022 02:36:52 pm,0.350,0.48,0.23,0.87
05/06/2022 02:33:22 pm,1.800,0.50,0.00,0.04,05/06/2022 02:36:14 pm,1.800,0.46,-0.04,1.74,05/06/2022 02:36:52 pm,0.360,0.49,0.24,0.84
05/06/2022 02:33:22 pm,1.850,0.50,-6.68E-5,0.05,05/06/2022 02:36:14 pm,1.850,0.46,0.05,1.67,05/06/2022 02:36:52 pm,0.370,0.49,0.25,0.64
05/06/2022 02:33:22 pm,1.900,0.50,0.00,0.04,05/06/2022 02:36:14 pm,1.900,0.46,0.13,1.47,05/06/2022 02:36:52 pm,0.380,0.49,0.26,0.39
05/06/2022 02:33:22 pm,1.950,0.50,0.00,0.04,05/06/2022 02:36:14 pm,1.950,0.47,0.20,1.12,05/06/2022 02:36:52 pm,0.390,0.49,0.26,1.02
05/06/2022 02:33:23 pm,2.000,0.50,0.01,,05/06/2022 02:36:15 pm,2.000,0.49,0.25,0.65,05/06/2022 02:36:52 pm,0.400,0.50,0.26,1.81
05/06/2022 02:33:23 pm,2.050,0.50,0.01,,05/06/2022 02:36:15 pm,2.050,0.50,0.27,0.11,05/06/2022 02:36:52 pm,0.410,0.50,0.31,1.04
05/06/2022 02:33:23 pm,2.100,0.50,,,05/06/2022 02:36:15 pm,2.100,0.51,0.26,-0.42,05/06/2022 02:36:52 pm,0.420,0.50,0.31,-1.46
,,,,,05/06/2022 02:36:15 pm,2.150,0.53,0.22,-0.90,05/06/2022 02:36:52 pm,0.430,0.51,0.27,-2.38
,,,,,05/06/2022 02:36:15 pm,2.200,0.54,0.17,-1.31,05/06/2022 02:36:52 pm,0.440,0.51,0.22,-0.02
,,,,,05/06/2022 02:36:15 pm,2.250,0.54,0.09,-1.60,05/06/2022 02:36:52 pm,0.450,0.51,0.26,1.56
,,,,,05/06/2022 02:36:15 pm,2.300,0.55,5.11E-4,-1.71,05/06/2022 02:36:52 pm,0.460,0.51,0.31,-0.27
,,,,,05/06/2022 02:36:15 pm,2.350,0.54,-0.09,-1.60,05/06/2022 02:36:52 pm,0.470,0.52,0.26,-2.11
,,,,,05/06/2022 02:36:15 pm,2.400,0.54,-0.17,-1.30,05/06/2022 02:36:52 pm,0.480,0.52,0.20,-0.74
,,,,,05/06/2022 02:36:15 pm,2.450,0.53,-0.22,-0.89,05/06/2022 02:36:52 pm,0.490,0.52,0.25,0.85
,,,,,05/06/2022 02:36:15 pm,2.500,0.51,-0.26,-0.41,05/06/2022 02:36:52 pm,0.500,0.52,0.28,-0.86
,,,,,05/06/2022 02:36:15 pm,2.550,0.50,-0.27,0.11,05/06/2022 02:36:52 pm,0.510,0.53,0.23,-3.68
,,,,,05/06/2022 02:36:15 pm,2.600,0.49,-0.25,0.65,05/06/2022 02:36:52 pm,0.520,0.53,0.17,-2.29
,,,,,05/06/2022 02:36:15 pm,2.650,0.47,-0.20,1.16,05/06/2022 02:36:52 pm,0.530,0.53,0.14,0.96
,,,,,05/06/2022 02:36:15 pm,2.700,0.47,-0.13,1.53,05/06/2022 02:36:52 pm,0.540,0.53,0.23,1.45
,,,,,05/06/2022 02:36:15 pm,2.750,0.46,-0.04,1.64,05/06/2022 02:36:52 pm,0.550,0.53,0.22,-1.41
,,,,,05/06/2022 02:36:15 pm,2.800,0.46,0.05,1.49,05/06/2022 02:36:52 pm,0.560,0.54,0.18,-4.90
,,,,,05/06/2022 02:36:15 pm,2.850,0.47,0.12,1.25,05/06/2022 02:36:52 pm,0.570,0.53,0.12,-4.44
,,,,,05/06/2022 02:36:15 pm,2.900,0.47,0.17,1.03,05/06/2022 02:36:52 pm,0.580,0.54,0.05,-1.55
,,,,,05/06/2022 02:36:15 pm,2.950,0.48,0.22,0.77,05/06/2022 02:36:52 pm,0.590,0.54,0.09,0.97
,,,,,05/06/2022 02:36:16 pm,3.000,0.50,0.25,0.37,05/06/2022 02:36:52 pm,0.600,0.54,0.11,0.04
,,,,,05/06/2022 02:36:16 pm,3.050,0.51,0.26,-0.19,05/06/2022 02:36:52 pm,0.610,0.54,0.11,-4.05
,,,,,05/06/2022 02:36:16 pm,3.100,0.52,0.23,-0.75,05/06/2022 02:36:52 pm,0.620,0.54,0.03,-5.39
,,,,,05/06/2022 02:36:16 pm,3.150,0.53,0.18,-1.21,05/06/2022 02:36:52 pm,0.630,0.54,-0.07,-2.17
,,,,,05/06/2022 02:36:16 pm,3.200,0.54,0.11,-1.51,05/06/2022 02:36:52 pm,0.640,0.54,-0.03,2.11
,,,,,05/06/2022 02:36:16 pm,3.250,0.55,0.02,-1.65,05/06/2022 02:36:52 pm,0.650,0.54,0.04,3.35
,,,,,05/06/2022 02:36:16 pm,3.300,0.54,-0.06,-1.62,05/06/2022 02:36:52 pm,0.660,0.54,0.05,1.73
,,,,,05/06/2022 02:36:16 pm,3.350,0.54,-0.14,-1.41,05/06/2022 02:36:52 pm,0.670,0.54,0.05,0.45
,,,,,05/06/2022 02:36:16 pm,3.400,0.53,-0.21,-1.05,05/06/2022 02:36:52 pm,0.680,0.54,0.06,-0.63
,,,,,05/06/2022 02:36:16 pm,3.450,0.52,-0.25,-0.59,05/06/2022 02:36:52 pm,0.690,0.54,0.05,-3.79
,,,,,05/06/2022 02:36:16 pm,3.500,0.50,-0.27,-0.07,05/06/2022 02:36:52 pm,0.700,0.54,0.01,-6.38
,,,,,05/06/2022 02:36:16 pm,3.550,0.49,-0.26,0.46,05/06/2022 02:36:52 pm,0.710,0.54,-0.13,-5.10
,,,,,05/06/2022 02:36:16 pm,3.600,0.48,-0.22,0.96,05/06/2022 02:36:52 pm,0.720,0.54,-0.14,-0.63
,,,,,05/06/2022 02:36:16 pm,3.650,0.47,-0.16,1.38,05/06/2022 02:36:52 pm,0.730,0.54,-0.10,2.18
,,,,,05/06/2022 02:36:16 pm,3.700,0.46,-0.08,1.63,05/06/2022 02:36:52 pm,0.740,0.54,-0.06,0.17
,,,,,05/06/2022 02:36:16 pm,3.750,0.46,0.01,1.71,05/06/2022 02:36:52 pm,0.750,0.54,-0.08,-2.42
,,,,,05/06/2022 02:36:16 pm,3.800,0.46,0.10,1.63,05/06/2022 02:36:52 pm,0.760,0.54,-0.15,-3.03
,,,,,05/06/2022 02:36:16 pm,3.850,0.47,0.18,1.44,05/06/2022 02:36:52 pm,0.770,0.53,-0.15,-2.36
,,,,,05/06/2022 02:36:16 pm,3.900,0.48,0.25,1.09,05/06/2022 02:36:52 pm,0.780,0.53,-0.17,-0.96
,,,,,05/06/2022 02:36:16 pm,3.950,0.49,0.29,0.51,05/06/2022 02:36:52 pm,0.790,0.53,-0.20,0.19
,,,,,05/06/2022 02:36:17 pm,4.000,0.51,0.30,-0.23,05/06/2022 02:36:52 pm,0.800,0.53,-0.16,0.12
,,,,,05/06/2022 02:36:17 pm,4.050,0.53,0.27,-0.96,05/06/2022 02:36:52 pm,0.810,0.53,-0.15,-2.01
,,,,,05/06/2022 02:36:17 pm,4.100,0.54,0.20,-1.48,05/06/2022 02:36:52 pm,0.820,0.53,-0.21,-4.05
,,,,,05/06/2022 02:36:17 pm,4.150,0.55,0.11,-1.73,05/06/2022 02:36:52 pm,0.830,0.52,-0.27,-2.66
,,,,,05/06/2022 02:36:17 pm,4.200,0.55,0.02,-1.76,05/06/2022 02:36:52 pm,0.840,0.52,-0.29,-0.36
,,,,,05/06/2022 02:36:17 pm,4.250,0.55,-0.07,-1.64,05/06/2022 02:36:52 pm,0.850,0.52,-0.24,0.26
,,,,,05/06/2022 02:36:17 pm,4.300,0.54,-0.15,-1.37,05/06/2022 02:36:52 pm,0.860,0.52,-0.26,-0.23
,,,,,05/06/2022 02:36:17 pm,4.350,0.53,-0.21,-1.00,05/06/2022 02:36:52 pm,0.870,0.51,-0.28,-0.35
,,,,,05/06/2022 02:36:17 pm,4.400,0.52,-0.25,-0.56,05/06/2022 02:36:52 pm,0.880,0.51,-0.26,0.15
,,,,,05/06/2022 02:36:17 pm,4.450,0.51,-0.27,-0.08,05/06/2022 02:36:52 pm,0.890,0.51,-0.26,-0.23
,,,,,05/06/2022 02:36:17 pm,4.500,0.49,-0.26,0.41,05/06/2022 02:36:52 pm,0.900,0.50,-0.27,-0.73
,,,,,05/06/2022 02:36:17 pm,4.550,0.48,-0.23,0.89,05/06/2022 02:36:52 pm,0.910,0.50,-0.28,-0.39
,,,,,05/06/2022 02:36:17 pm,4.600,0.47,-0.17,1.28,05/06/2022 02:36:52 pm,0.920,0.50,-0.28,0.38
,,,,,05/06/2022 02:36:17 pm,4.650,0.46,-0.09,1.54,05/06/2022 02:36:52 pm,0.930,0.50,-0.27,0.79
,,,,,05/06/2022 02:36:17 pm,4.700,0.46,-0.01,1.64,05/06/2022 02:36:52 pm,0.940,0.49,-0.26,0.64
,,,,,05/06/2022 02:36:17 pm,4.750,0.46,0.08,1.57,05/06/2022 02:36:52 pm,0.950,0.49,-0.26,0.45
,,,,,05/06/2022 02:36:17 pm,4.800,0.47,0.15,1.32,05/06/2022 02:36:52 pm,0.960,0.49,-0.26,0.62
,,,,,05/06/2022 02:36:17 pm,4.850,0.48,0.21,0.94,05/06/2022 02:36:52 pm,0.970,0.49,-0.25,0.98
,,,,,05/06/2022 02:36:17 pm,4.900,0.49,0.25,0.47,05/06/2022 02:36:52 pm,0.980,0.48,-0.23,1.16
,,,,,05/06/2022 02:36:17 pm,4.950,0.50,0.26,-0.04,05/06/2022 02:36:52 pm,0.990,0.48,-0.22,1.07
,,,,,05/06/2022 02:36:18 pm,5.000,0.52,0.25,-0.53,05/06/2022 02:36:53 pm,1.000,0.48,-0.21,0.92
,,,,,05/06/2022 02:36:18 pm,5.050,0.53,0.21,-0.94,05/06/2022 02:36:53 pm,1.010,0.48,-0.20,0.86
,,,,,05/06/2022 02:36:18 pm,5.100,0.54,0.15,-1.23,05/06/2022 02:36:53 pm,1.020,0.47,-0.20,0.85
,,,,,05/06/2022 02:36:18 pm,5.150,0.54,0.08,-1.43,05/06/2022 02:36:53 pm,1.030,0.47,-0.19,0.93
,,,,,05/06/2022 02:36:18 pm,5.200,0.55,0.00,-1.55,05/06/2022 02:36:53 pm,1.040,0.47,-0.18,1.12
,,,,,05/06/2022 02:36:18 pm,5.250,0.54,-0.08,-1.57,05/06/2022 02:36:53 pm,1.050,0.47,-0.17,1.32
,,,,,05/06/2022 02:36:18 pm,5.300,0.54,-0.16,-1.45,05/06/2022 02:36:53 pm,1.060,0.47,-0.15,1.46
,,,,,05/06/2022 02:36:18 pm,5.350,0.53,-0.23,-1.11,05/06/2022 02:36:53 pm,1.070,0.47,-0.14,1.60
,,,,,05/06/2022 02:36:18 pm,5.400,0.52,-0.28,-0.56,05/06/2022 02:36:53 pm,1.080,0.47,-0.12,1.81
,,,,,05/06/2022 02:36:18 pm,5.450,0.50,-0.29,0.14,05/06/2022 02:36:53 pm,1.090,0.46,-0.10,1.88
,,,,,05/06/2022 02:36:18 pm,5.500,0.49,-0.26,0.82,05/06/2022 02:36:53 pm,1.100,0.46,-0.08,1.74
,,,,,05/06/2022 02:36:18 pm,5.550,0.47,-0.20,1.35,05/06/2022 02:36:53 pm,1.110,0.46,-0.07,1.57
,,,,,05/06/2022 02:36:18 pm,5.600,0.46,-0.12,1.65,05/06/2022 02:36:53 pm,1.120,0.46,-0.05,1.60
,,,,,05/06/2022 02:36:18 pm,5.650,0.46,-0.03,1.73,05/06/2022 02:36:53 pm,1.130,0.46,-0.03,1.80
,,,,,05/06/2022 02:36:18 pm,5.700,0.46,0.06,1.65,05/06/2022 02:36:53 pm,1.140,0.46,-0.01,1.92
,,,,,05/06/2022 02:36:18 pm,5.750,0.47,0.14,1.42,05/06/2022 02:36:53 pm,1.150,0.46,0.01,1.88
,,,,,05/06/2022 02:36:18 pm,5.800,0.48,0.21,1.07,05/06/2022 02:36:53 pm,1.160,0.46,0.02,1.74
,,,,,05/06/2022 02:36:18 pm,5.850,0.49,0.25,0.61,05/06/2022 02:36:53 pm,1.170,0.46,0.04,1.58
,,,,,05/06/2022 02:36:18 pm,5.900,0.50,0.27,0.06,05/06/2022 02:36:53 pm,1.180,0.46,0.06,1.52
,,,,,05/06/2022 02:36:18 pm,5.950,0.52,0.26,-0.48,05/06/2022 02:36:53 pm,1.190,0.46,0.07,1.56
,,,,,05/06/2022 02:36:19 pm,6.000,0.53,0.22,-0.96,05/06/2022 02:36:53 pm,1.200,0.46,0.09,1.67
,,,,,05/06/2022 02:36:19 pm,6.050,0.54,0.16,-1.33,05/06/2022 02:36:53 pm,1.210,0.46,0.10,1.68
,,,,,05/06/2022 02:36:19 pm,6.100,0.54,0.08,-1.57,05/06/2022 02:36:53 pm,1.220,0.47,0.12,1.59
,,,,,05/06/2022 02:36:19 pm,6.150,0.55,-0.01,-1.68,05/06/2022 02:36:53 pm,1.230,0.47,0.14,1.49
,,,,,05/06/2022 02:36:19 pm,6.200,0.54,-0.09,-1.59,05/06/2022 02:36:53 pm,1.240,0.47,0.15,1.43
,,,,,05/06/2022 02:36:19 pm,6.250,0.54,-0.17,-1.32,05/06/2022 02:36:53 pm,1.250,0.47,0.16,1.44
,,,,,05/06/2022 02:36:19 pm,6.300,0.53,-0.23,-0.89,05/06/2022 02:36:53 pm,1.260,0.47,0.18,1.36
,,,,,05/06/2022 02:36:19 pm,6.350,0.51,-0.26,-0.36,05/06/2022 02:36:53 pm,1.270,0.47,0.19,1.16
,,,,,05/06/2022 02:36:19 pm,6.400,0.50,-0.27,0.20,05/06/2022 02:36:53 pm,1.280,0.48,0.20,1.00
,,,,,05/06/2022 02:36:19 pm,6.450,0.48,-0.24,0.72,05/06/2022 02:36:53 pm,1.290,0.48,0.21,1.00
,,,,,05/06/2022 02:36:19 pm,6.500,0.47,-0.19,1.16,05/06/2022 02:36:53 pm,1.300,0.48,0.22,1.03
,,,,,05/06/2022 02:36:19 pm,6.550,0.46,-0.12,1.46,05/06/2022 02:36:53 pm,1.310,0.48,0.23,0.84
,,,,,05/06/2022 02:36:19 pm,6.600,0.46,-0.04,1.62,05/06/2022 02:36:53 pm,1.320,0.48,0.24,0.62
,,,,,05/06/2022 02:36:19 pm,6.650,0.46,0.04,1.64,05/06/2022 02:36:53 pm,1.330,0.49,0.24,0.61
,,,,,05/06/2022 02:36:19 pm,6.700,0.47,0.13,1.49,05/06/2022 02:36:53 pm,1.340,0.49,0.25,0.69
,,,,,05/06/2022 02:36:19 pm,6.750,0.47,0.20,1.13,05/06/2022 02:36:53 pm,1.350,0.49,0.26,0.56
,,,,,05/06/2022 02:36:19 pm,6.800,0.49,0.25,0.60,05/06/2022 02:36:53 pm,1.360,0.49,0.26,0.29
,,,,,05/06/2022 02:36:19 pm,6.850,0.50,0.26,0.09,05/06/2022 02:36:53 pm,1.370,0.50,0.26,0.24
,,,,,05/06/2022 02:36:19 pm,6.900,0.51,0.25,-0.36,05/06/2022 02:36:53 pm,1.380,0.50,0.27,0.27
,,,,,05/06/2022 02:36:19 pm,6.950,0.52,0.23,-0.80,05/06/2022 02:36:53 pm,1.390,0.50,0.27,0.06
,,,,,05/06/2022 02:36:20 pm,7.000,0.54,0.18,-1.26,05/06/2022 02:36:53 pm,1.400,0.51,0.27,-0.36
,,,,,05/06/2022 02:36:20 pm,7.050,0.54,0.10,-1.59,05/06/2022 02:36:53 pm,1.410,0.51,0.26,-0.54
,,,,,05/06/2022 02:36:20 pm,7.100,0.55,0.00,-1.68,05/06/2022 02:36:53 pm,1.420,0.51,0.25,-0.42
,,,,,05/06/2022 02:36:20 pm,7.150,0.54,-0.08,-1.55,05/06/2022 02:36:53 pm,1.430,0.51,0.26,-0.46
,,,,,05/06/2022 02:36:20 pm,7.200,0.54,-0.15,-1.31,05/06/2022 02:36:53 pm,1.440,0.52,0.25,-0.61
,,,,,05/06/2022 02:36:20 pm,7.250,0.53,-0.21,-0.97,05/06/2022 02:36:53 pm,1.450,0.52,0.24,-0.67
,,,,,05/06/2022 02:36:20 pm,7.300,0.52,-0.25,-0.52,05/06/2022 02:36:53 pm,1.460,0.52,0.24,-0.61
,,,,,05/06/2022 02:36:20 pm,7.350,0.50,-0.27,0.00,05/06/2022 02:36:53 pm,1.470,0.52,0.23,-0.63
,,,,,05/06/2022 02:36:20 pm,7.400,0.49,-0.25,0.52,05/06/2022 02:36:53 pm,1.480,0.53,0.22,-0.88
,,,,,05/06/2022 02:36:20 pm,7.450,0.48,-0.21,1.00,05/06/2022 02:36:53 pm,1.490,0.53,0.21,-1.07
,,,,,05/06/2022 02:36:20 pm,7.500,0.47,-0.15,1.38,05/06/2022 02:36:53 pm,1.500,0.53,0.20,-1.26
,,,,,05/06/2022 02:36:20 pm,7.550,0.46,-0.07,1.61,05/06/2022 02:36:53 pm,1.510,0.53,0.19,-1.57
,,,,,05/06/2022 02:36:20 pm,7.600,0.46,0.02,1.67,05/06/2022 02:36:53 pm,1.520,0.53,0.17,-1.00
,,,,,05/06/2022 02:36:20 pm,7.650,0.46,0.10,1.56,05/06/2022 02:36:53 pm,1.530,0.53,0.15,-0.20
,,,,,05/06/2022 02:36:20 pm,7.700,0.47,0.18,1.31,05/06/2022 02:36:53 pm,1.540,0.54,0.18,-0.63
,,,,,05/06/2022 02:36:20 pm,7.750,0.48,0.24,0.96,05/06/2022 02:36:53 pm,1.550,0.54,0.17,-1.98
,,,,,05/06/2022 02:36:20 pm,7.800,0.49,0.28,0.49,05/06/2022 02:36:53 pm,1.560,0.54,0.11,-2.16
,,,,,05/06/2022 02:36:20 pm,7.850,0.51,0.29,-0.12,05/06/2022 02:36:53 pm,1.570,0.54,0.10,0.07
,,,,,05/06/2022 02:36:20 pm,7.900,0.52,0.27,-0.83,05/06/2022 02:36:53 pm,1.580,0.54,0.12,0.43
,,,,,05/06/2022 02:36:20 pm,7.950,0.54,0.21,-1.43,05/06/2022 02:36:53 pm,1.590,0.54,0.16,-3.06
,,,,,05/06/2022 02:36:21 pm,8.000,0.55,0.11,-1.75,05/06/2022 02:36:53 pm,1.600,0.54,0.07,-5.84
,,,,,05/06/2022 02:36:21 pm,8.050,0.55,0.02,-1.74,05/06/2022 02:36:53 pm,1.610,0.54,-0.04,-3.97
,,,,,05/06/2022 02:36:21 pm,8.100,0.55,-0.07,-1.59,05/06/2022 02:36:53 pm,1.620,0.54,-0.03,0.91
,,,,,05/06/2022 02:36:21 pm,8.150,0.54,-0.14,-1.40,05/06/2022 02:36:53 pm,1.630,0.54,0.03,1.88
,,,,,05/06/2022 02:36:21 pm,8.200,0.53,-0.21,-1.12,05/06/2022 02:36:53 pm,1.640,0.54,0.06,-2.31
,,,,,05/06/2022 02:36:21 pm,8.250,0.52,-0.26,-0.66,05/06/2022 02:36:53 pm,1.650,0.54,-0.02,-6.34
,,,,,05/06/2022 02:36:21 pm,8.300,0.51,-0.28,-0.05,05/06/2022 02:36:53 pm,1.660,0.55,-0.12,-5.08
,,,,,05/06/2022 02:36:21 pm,8.350,0.49,-0.26,0.53,05/06/2022 02:36:53 pm,1.670,0.54,-0.17,0.04
,,,,,05/06/2022 02:36:21 pm,8.400,0.48,-0.22,1.00,05/06/2022 02:36:53 pm,1.680,0.54,-0.09,2.28
,,,,,05/06/2022 02:36:21 pm,8.450,0.47,-0.16,1.34,05/06/2022 02:36:53 pm,1.690,0.54,-0.05,-0.37
,,,,,05/06/2022 02:36:21 pm,8.500,0.46,-0.08,1.55,05/06/2022 02:36:53 pm,1.700,0.54,-0.11,-3.75
,,,,,05/06/2022 02:36:21 pm,8.550,0.46,5.96E-4,1.63,05/06/2022 02:36:53 pm,1.710,0.54,-0.17,-3.23
,,,,,05/06/2022 02:36:21 pm,8.600,0.46,0.08,1.54,05/06/2022 02:36:53 pm,1.720,0.54,-0.19,-0.70
,,,,,05/06/2022 02:36:21 pm,8.650,0.47,0.16,1.30,05/06/2022 02:36:53 pm,1.730,0.53,-0.16,0.26
,,,,,05/06/2022 02:36:21 pm,8.700,0.48,0.22,0.91,05/06/2022 02:36:53 pm,1.740,0.53,-0.16,0.13
,,,,,05/06/2022 02:36:21 pm,8.750,0.49,0.26,0.42,05/06/2022 02:36:53 pm,1.750,0.53,-0.18,0.02
,,,,,05/06/2022 02:36:21 pm,8.800,0.51,0.26,-0.13,05/06/2022 02:36:53 pm,1.760,0.53,-0.16,-0.68
,,,,,05/06/2022 02:36:21 pm,8.850,0.52,0.24,-0.65,05/06/2022 02:36:53 pm,1.770,0.53,-0.16,-2.00
,,,,,05/06/2022 02:36:21 pm,8.900,0.53,0.19,-1.06,05/06/2022 02:36:53 pm,1.780,0.53,-0.23,-2.60
,,,,,05/06/2022 02:36:21 pm,8.950,0.54,0.13,-1.32,05/06/2022 02:36:53 pm,1.790,0.52,-0.23,-1.44
,,,,,05/06/2022 02:36:22 pm,9.000,0.54,0.06,-1.47,05/06/2022 02:36:53 pm,1.800,0.52,-0.24,-1.01
,,,,,05/06/2022 02:36:22 pm,9.050,0.54,-0.02,-1.55,05/06/2022 02:36:53 pm,1.810,0.52,-0.23,-1.78
,,,,,05/06/2022 02:36:22 pm,9.100,0.54,-0.10,-1.52,05/06/2022 02:36:53 pm,1.820,0.52,-0.29,-1.16
,,,,,05/06/2022 02:36:22 pm,9.150,0.53,-0.18,-1.31,05/06/2022 02:36:53 pm,1.830,0.51,-0.30,0.32
,,,,,05/06/2022 02:36:22 pm,9.200,0.52,-0.24,-0.90,05/06/2022 02:36:53 pm,1.840,0.51,-0.25,0.96
,,,,,05/06/2022 02:36:22 pm,9.250,0.51,-0.27,-0.34,05/06/2022 02:36:53 pm,1.850,0.51,-0.25,-0.08
,,,,,05/06/2022 02:36:22 pm,9.300,0.50,-0.27,0.29,05/06/2022 02:36:53 pm,1.860,0.51,-0.27,-0.67
,,,,,05/06/2022 02:36:22 pm,9.350,0.48,-0.24,0.88,05/06/2022 02:36:53 pm,1.870,0.50,-0.28,0.03
,,,,,05/06/2022 02:36:22 pm,9.400,0.47,-0.18,1.32,05/06/2022 02:36:53 pm,1.880,0.50,-0.26,0.55
,,,,,05/06/2022 02:36:22 pm,9.450,0.46,-0.10,1.56,05/06/2022 02:36:53 pm,1.890,0.50,-0.26,0.40
,,,,,05/06/2022 02:36:22 pm,9.500,0.46,-0.02,1.65,05/06/2022 02:36:53 pm,1.900,0.50,-0.26,0.21
,,,,,05/06/2022 02:36:22 pm,9.550,0.46,0.07,1.58,05/06/2022 02:36:53 pm,1.910,0.49,-0.26,0.40
,,,,,05/06/2022 02:36:22 pm,9.600,0.47,0.15,1.37,05/06/2022 02:36:53 pm,1.920,0.49,-0.25,0.66
,,,,,05/06/2022 02:36:22 pm,9.650,0.48,0.21,1.01,05/06/2022 02:36:53 pm,1.930,0.49,-0.24,0.77
,,,,,05/06/2022 02:36:22 pm,9.700,0.49,0.25,0.55,05/06/2022 02:36:53 pm,1.940,0.49,-0.24,0.75
,,,,,05/06/2022 02:36:22 pm,9.750,0.50,0.27,0.02,05/06/2022 02:36:53 pm,1.950,0.48,-0.23,0.84
,,,,,05/06/2022 02:36:22 pm,9.800,0.52,0.25,-0.52,05/06/2022 02:36:53 pm,1.960,0.48,-0.22,0.99
,,,,,05/06/2022 02:36:22 pm,9.850,0.53,0.21,-1.01,05/06/2022 02:36:53 pm,1.970,0.48,-0.21,1.09
,,,,,05/06/2022 02:36:22 pm,9.900,0.54,0.15,-1.37,05/06/2022 02:36:53 pm,1.980,0.48,-0.20,1.15
,,,,,05/06/2022 02:36:22 pm,9.950,0.54,0.07,-1.59,05/06/2022 02:36:53 pm,1.990,0.47,-0.19,1.14
,,,,,05/06/2022 02:36:23 pm,10.000,0.55,-0.02,-1.64,05/06/2022 02:36:54 pm,2.000,0.47,-0.17,1.18
,,,,,05/06/2022 02:36:23 pm,10.050,0.54,-0.10,-1.52,05/06/2022 02:36:54 pm,2.010,0.47,-0.16,1.29
,,,,,05/06/2022 02:36:23 pm,10.100,0.54,-0.17,-1.26,05/06/2022 02:36:54 pm,2.020,0.47,-0.15,1.34
,,,,,05/06/2022 02:36:23 pm,10.150,0.52,-0.23,-0.87,05/06/2022 02:36:54 pm,2.030,0.47,-0.13,1.33
,,,,,05/06/2022 02:36:23 pm,10.200,0.51,-0.26,-0.35,05/06/2022 02:36:54 pm,2.040,0.47,-0.12,1.40
,,,,,05/06/2022 02:36:23 pm,10.250,0.50,-0.27,0.21,05/06/2022 02:36:54 pm,2.050,0.47,-0.11,1.65
,,,,,05/06/2022 02:36:23 pm,10.300,0.48,-0.24,,05/06/2022 02:36:54 pm,2.060,0.46,-0.09,1.83
,,,,,05/06/2022 02:36:23 pm,10.350,0.47,-0.19,,05/06/2022 02:36:54 pm,2.070,0.46,-0.07,1.73
,,,,,05/06/2022 02:36:23 pm,10.400,0.46,,,05/06/2022 02:36:54 pm,2.080,0.46,-0.05,1.61
,,,,,,,,,,05/06/2022 02:36:54 pm,2.090,0.46,-0.04,1.70
,,,,,,,,,,05/06/2022 02:36:54 pm,2.100,0.46,-0.02,1.86
,,,,,,,,,,05/06/2022 02:36:54 pm,2.110,0.46,5.54E-4,1.88
,,,,,,,,,,05/06/2022 02:36:54 pm,2.120,0.46,0.02,1.77
,,,,,,,,,,05/06/2022 02:36:54 pm,2.130,0.46,0.03,1.72
,,,,,,,,,,05/06/2022 02:36:54 pm,2.140,0.46,0.05,1.71
,,,,,,,,,,05/06/2022 02:36:54 pm,2.150,0.46,0.07,1.76
,,,,,,,,,,05/06/2022 02:36:54 pm,2.160,0.46,0.09,1.83
,,,,,,,,,,05/06/2022 02:36:54 pm,2.170,0.47,0.11,1.75
,,,,,,,,,,05/06/2022 02:36:54 pm,2.180,0.47,0.12,1.51
,,,,,,,,,,05/06/2022 02:36:54 pm,2.190,0.47,0.14,1.29
,,,,,,,,,,05/06/2022 02:36:54 pm,2.200,0.47,0.15,1.29
,,,,,,,,,,05/06/2022 02:36:54 pm,2.210,0.47,0.16,1.31
,,,,,,,,,,05/06/2022 02:36:54 pm,2.220,0.47,0.18,1.14
,,,,,,,,,,05/06/2022 02:36:54 pm,2.230,0.47,0.19,0.83
,,,,,,,,,,05/06/2022 02:36:54 pm,2.240,0.48,0.19,0.65
,,,,,,,,,,05/06/2022 02:36:54 pm,2.250,0.48,0.20,0.74
,,,,,,,,,,05/06/2022 02:36:54 pm,2.260,0.48,0.20,0.94
,,,,,,,,,,05/06/2022 02:36:54 pm,2.270,0.48,0.22,1.06
,,,,,,,,,,05/06/2022 02:36:54 pm,2.280,0.48,0.23,1.01
,,,,,,,,,,05/06/2022 02:36:54 pm,2.290,0.49,0.24,0.93
,,,,,,,,,,05/06/2022 02:36:54 pm,2.300,0.49,0.25,0.80
,,,,,,,,,,05/06/2022 02:36:54 pm,2.310,0.49,0.25,0.52
,,,,,,,,,,05/06/2022 02:36:54 pm,2.320,0.49,0.26,0.18
,,,,,,,,,,05/06/2022 02:36:54 pm,2.330,0.50,0.25,0.21
,,,,,,,,,,05/06/2022 02:36:54 pm,2.340,0.50,0.26,0.46
,,,,,,,,,,05/06/2022 02:36:54 pm,2.350,0.50,0.27,0.32
,,,,,,,,,,05/06/2022 02:36:54 pm,2.360,0.50,0.27,-0.27
,,,,,,,,,,05/06/2022 02:36:54 pm,2.370,0.51,0.26,-0.46
,,,,,,,,,,05/06/2022 02:36:54 pm,2.380,0.51,0.25,-0.18
,,,,,,,,,,05/06/2022 02:36:54 pm,2.390,0.51,0.26,-0.31
,,,,,,,,,,05/06/2022 02:36:54 pm,2.400,0.52,0.26,-0.17
,,,,,,,,,,05/06/2022 02:36:54 pm,2.410,0.52,0.23,0.13
,,,,,,,,,,05/06/2022 02:36:54 pm,2.420,0.52,0.27,-0.23
,,,,,,,,,,05/06/2022 02:36:54 pm,2.430,0.52,0.26,-1.96
,,,,,,,,,,05/06/2022 02:36:54 pm,2.440,0.53,0.22,-3.27
,,,,,,,,,,05/06/2022 02:36:54 pm,2.450,0.53,0.17,-1.90
,,,,,,,,,,05/06/2022 02:36:54 pm,2.460,0.53,0.17,-0.12
,,,,,,,,,,05/06/2022 02:36:54 pm,2.470,0.53,0.20,-0.15
,,,,,,,,,,05/06/2022 02:36:54 pm,2.480,0.53,0.18,-0.84
,,,,,,,,,,05/06/2022 02:36:54 pm,2.490,0.53,0.14,-0.57
,,,,,,,,,,05/06/2022 02:36:54 pm,2.500,0.54,0.17,-0.64
,,,,,,,,,,05/06/2022 02:36:54 pm,2.510,0.54,0.17,-2.54
,,,,,,,,,,05/06/2022 02:36:54 pm,2.520,0.54,0.11,-3.70
,,,,,,,,,,05/06/2022 02:36:54 pm,2.530,0.54,0.05,-0.52
,,,,,,,,,,05/06/2022 02:36:54 pm,2.540,0.54,0.07,3.19
,,,,,,,,,,05/06/2022 02:36:54 pm,2.550,0.54,0.18,2.25
,,,,,,,,,,05/06/2022 02:36:54 pm,2.560,0.54,0.17,-2.65
,,,,,,,,,,05/06/2022 02:36:54 pm,2.570,0.54,0.09,-5.75
,,,,,,,,,,05/06/2022 02:36:54 pm,2.580,0.54,0.01,-5.01
,,,,,,,,,,05/06/2022 02:36:54 pm,2.590,0.54,0.00,-4.26
,,,,,,,,,,05/06/2022 02:36:54 pm,2.600,0.54,-0.04,-5.05
,,,,,,,,,,05/06/2022 02:36:54 pm,2.610,0.54,-0.12,-4.66
,,,,,,,,,,05/06/2022 02:36:54 pm,2.620,0.54,-0.18,-1.06
,,,,,,,,,,05/06/2022 02:36:54 pm,2.630,0.54,-0.15,2.11
,,,,,,,,,,05/06/2022 02:36:54 pm,2.640,0.54,-0.08,2.68
,,,,,,,,,,05/06/2022 02:36:54 pm,2.650,0.54,-0.09,0.80
,,,,,,,,,,05/06/2022 02:36:54 pm,2.660,0.54,-0.07,-1.03
,,,,,,,,,,05/06/2022 02:36:54 pm,2.670,0.54,-0.10,-2.59
,,,,,,,,,,05/06/2022 02:36:54 pm,2.680,0.54,-0.13,-3.17
,,,,,,,,,,05/06/2022 02:36:54 pm,2.690,0.53,-0.19,-1.41
,,,,,,,,,,05/06/2022 02:36:54 pm,2.700,0.53,-0.18,-0.45
,,,,,,,,,,05/06/2022 02:36:54 pm,2.710,0.53,-0.14,-1.17
,,,,,,,,,,05/06/2022 02:36:54 pm,2.720,0.53,-0.21,-2.89
,,,,,,,,,,05/06/2022 02:36:54 pm,2.730,0.53,-0.23,-2.27
,,,,,,,,,,05/06/2022 02:36:54 pm,2.740,0.52,-0.26,-0.40
,,,,,,,,,,05/06/2022 02:36:54 pm,2.750,0.52,-0.22,0.14
,,,,,,,,,,05/06/2022 02:36:54 pm,2.760,0.52,-0.24,-0.11
,,,,,,,,,,05/06/2022 02:36:54 pm,2.770,0.52,-0.24,-0.74
,,,,,,,,,,05/06/2022 02:36:54 pm,2.780,0.52,-0.24,-0.63
,,,,,,,,,,05/06/2022 02:36:54 pm,2.790,0.51,-0.26,-0.23
,,,,,,,,,,05/06/2022 02:36:54 pm,2.800,0.51,-0.26,0.08
,,,,,,,,,,05/06/2022 02:36:54 pm,2.810,0.51,-0.25,-0.13
,,,,,,,,,,05/06/2022 02:36:54 pm,2.820,0.51,-0.26,-0.65
,,,,,,,,,,05/06/2022 02:36:54 pm,2.830,0.50,-0.27,-0.52
,,,,,,,,,,05/06/2022 02:36:54 pm,2.840,0.50,-0.27,0.14
,,,,,,,,,,05/06/2022 02:36:54 pm,2.850,0.50,-0.26,0.57
,,,,,,,,,,05/06/2022 02:36:54 pm,2.860,0.49,-0.26,0.63
,,,,,,,,,,05/06/2022 02:36:54 pm,2.870,0.49,-0.25,0.57
,,,,,,,,,,05/06/2022 02:36:54 pm,2.880,0.49,-0.24,0.57
,,,,,,,,,,05/06/2022 02:36:54 pm,2.890,0.49,-0.24,0.60
,,,,,,,,,,05/06/2022 02:36:54 pm,2.900,0.48,-0.23,0.74
,,,,,,,,,,05/06/2022 02:36:54 pm,2.910,0.48,-0.23,0.94
,,,,,,,,,,05/06/2022 02:36:54 pm,2.920,0.48,-0.21,1.06
,,,,,,,,,,05/06/2022 02:36:54 pm,2.930,0.48,-0.20,1.01
,,,,,,,,,,05/06/2022 02:36:54 pm,2.940,0.48,-0.19,0.94
,,,,,,,,,,05/06/2022 02:36:54 pm,2.950,0.47,-0.19,1.02
,,,,,,,,,,05/06/2022 02:36:54 pm,2.960,0.47,-0.17,1.27
,,,,,,,,,,05/06/2022 02:36:54 pm,2.970,0.47,-0.16,1.48
,,,,,,,,,,05/06/2022 02:36:54 pm,2.980,0.47,-0.14,1.54
,,,,,,,,,,05/06/2022 02:36:54 pm,2.990,0.47,-0.13,1.48
,,,,,,,,,,05/06/2022 02:36:55 pm,3.000,0.47,-0.11,1.46
,,,,,,,,,,05/06/2022 02:36:55 pm,3.010,0.47,-0.10,1.61
,,,,,,,,,,05/06/2022 02:36:55 pm,3.020,0.46,-0.08,1.77
,,,,,,,,,,05/06/2022 02:36:55 pm,3.030,0.46,-0.06,1.79
,,,,,,,,,,05/06/2022 02:36:55 pm,3.040,0.46,-0.04,1.64
,,,,,,,,,,05/06/2022 02:36:55 pm,3.050,0.46,-0.03,1.52
,,,,,,,,,,05/06/2022 02:36:55 pm,3.060,0.46,-0.02,1.60
,,,,,,,,,,05/06/2022 02:36:55 pm,3.070,0.46,1.68E-4,1.81
,,,,,,,,,,05/06/2022 02:36:55 pm,3.080,0.46,0.02,1.88
,,,,,,,,,,05/06/2022 02:36:55 pm,3.090,0.46,0.04,1.74
,,,,,,,,,,05/06/2022 02:36:55 pm,3.100,0.46,0.06,1.57
,,,,,,,,,,05/06/2022 02:36:55 pm,3.110,0.46,0.07,1.60
,,,,,,,,,,05/06/2022 02:36:55 pm,3.120,0.46,0.09,1.77
,,,,,,,,,,05/06/2022 02:36:55 pm,3.130,0.47,0.11,1.75
,,,,,,,,,,05/06/2022 02:36:55 pm,3.140,0.47,0.12,1.51
,,,,,,,,,,05/06/2022 02:36:55 pm,3.150,0.47,0.14,1.25
,,,,,,,,,,05/06/2022 02:36:55 pm,3.160,0.47,0.15,1.19
,,,,,,,,,,05/06/2022 02:36:55 pm,3.170,0.47,0.16,1.24
,,,,,,,,,,05/06/2022 02:36:55 pm,3.180,0.47,0.17,1.25
,,,,,,,,,,05/06/2022 02:36:55 pm,3.190,0.47,0.18,1.21
,,,,,,,,,,05/06/2022 02:36:55 pm,3.200,0.48,0.20,1.11
,,,,,,,,,,05/06/2022 02:36:55 pm,3.210,0.48,0.21,1.01
,,,,,,,,,,05/06/2022 02:36:55 pm,3.220,0.48,0.22,0.91
,,,,,,,,,,05/06/2022 02:36:55 pm,3.230,0.48,0.23,0.87
,,,,,,,,,,05/06/2022 02:36:55 pm,3.240,0.49,0.23,0.82
,,,,,,,,,,05/06/2022 02:36:55 pm,3.250,0.49,0.24,0.65
,,,,,,,,,,05/06/2022 02:36:55 pm,3.260,0.49,0.25,1.13
,,,,,,,,,,05/06/2022 02:36:55 pm,3.270,0.49,0.25,1.75
,,,,,,,,,,05/06/2022 02:36:55 pm,3.280,0.49,0.30,1.05
,,,,,,,,,,05/06/2022 02:36:55 pm,3.290,0.50,0.30,-1.09
,,,,,,,,,,05/06/2022 02:36:55 pm,3.300,0.50,0.26,-2.52
,,,,,,,,,,05/06/2022 02:36:55 pm,3.310,0.50,0.22,-1.01
,,,,,,,,,,05/06/2022 02:36:55 pm,3.320,0.51,0.23,0.96
,,,,,,,,,,05/06/2022 02:36:55 pm,3.330,0.51,0.27,1.12
,,,,,,,,,,05/06/2022 02:36:55 pm,3.340,0.51,0.26,-0.07
,,,,,,,,,,05/06/2022 02:36:55 pm,3.350,0.51,0.25,-0.71
,,,,,,,,,,05/06/2022 02:36:55 pm,3.360,0.52,0.25,-0.37
,,,,,,,,,,05/06/2022 02:36:55 pm,3.370,0.52,0.25,-0.42
,,,,,,,,,,05/06/2022 02:36:55 pm,3.380,0.52,0.24,-0.82
,,,,,,,,,,05/06/2022 02:36:55 pm,3.390,0.52,0.23,-1.10
,,,,,,,,,,05/06/2022 02:36:55 pm,3.400,0.53,0.22,-1.11
,,,,,,,,,,05/06/2022 02:36:55 pm,3.410,0.53,0.21,-0.99
,,,,,,,,,,05/06/2022 02:36:55 pm,3.420,0.53,0.20,-1.05
,,,,,,,,,,05/06/2022 02:36:55 pm,3.430,0.53,0.19,-1.35
,,,,,,,,,,05/06/2022 02:36:55 pm,3.440,0.53,0.17,-1.57
,,,,,,,,,,05/06/2022 02:36:55 pm,3.450,0.54,0.15,-1.60
,,,,,,,,,,05/06/2022 02:36:55 pm,3.460,0.54,0.14,-1.44
,,,,,,,,,,05/06/2022 02:36:55 pm,3.470,0.54,0.13,-1.38
,,,,,,,,,,05/06/2022 02:36:55 pm,3.480,0.54,0.11,-1.40
,,,,,,,,,,05/06/2022 02:36:55 pm,3.490,0.54,0.10,-1.27
,,,,,,,,,,05/06/2022 02:36:55 pm,3.500,0.54,0.08,-1.33
,,,,,,,,,,05/06/2022 02:36:55 pm,3.510,0.54,0.08,-1.68
,,,,,,,,,,05/06/2022 02:36:55 pm,3.520,0.54,0.05,-1.97
,,,,,,,,,,05/06/2022 02:36:55 pm,3.530,0.54,0.03,-1.91
,,,,,,,,,,05/06/2022 02:36:55 pm,3.540,0.54,0.01,-1.59
,,,,,,,,,,05/06/2022 02:36:55 pm,3.550,0.54,-6.05E-4,-1.45
,,,,,,,,,,05/06/2022 02:36:55 pm,3.560,0.54,-0.01,-1.64
,,,,,,,,,,05/06/2022 02:36:55 pm,3.570,0.54,-0.03,-1.87
,,,,,,,,,,05/06/2022 02:36:55 pm,3.580,0.54,-0.05,-1.84
,,,,,,,,,,05/06/2022 02:36:55 pm,3.590,0.54,-0.07,-1.67
,,,,,,,,,,05/06/2022 02:36:55 pm,3.600,0.54,-0.08,-1.64
,,,,,,,,,,05/06/2022 02:36:55 pm,3.610,0.54,-0.10,-1.91
,,,,,,,,,,05/06/2022 02:36:55 pm,3.620,0.54,-0.12,-1.97
,,,,,,,,,,05/06/2022 02:36:55 pm,3.630,0.54,-0.15,-1.62
,,,,,,,,,,05/06/2022 02:36:55 pm,3.640,0.54,-0.16,-1.32
,,,,,,,,,,05/06/2022 02:36:55 pm,3.650,0.53,-0.17,-1.10
,,,,,,,,,,05/06/2022 02:36:55 pm,3.660,0.53,-0.18,-1.11
,,,,,,,,,,05/06/2022 02:36:55 pm,3.670,0.53,-0.19,-1.05
,,,,,,,,,,05/06/2022 02:36:55 pm,3.680,0.53,-0.20,-1.07
,,,,,,,,,,05/06/2022 02:36:55 pm,3.690,0.53,-0.21,-1.00
,,,,,,,,,,05/06/2022 02:36:55 pm,3.700,0.52,-0.22,-0.68
,,,,,,,,,,05/06/2022 02:36:55 pm,3.710,0.52,-0.23,-0.59
,,,,,,,,,,05/06/2022 02:36:55 pm,3.720,0.52,-0.23,-0.83
,,,,,,,,,,05/06/2022 02:36:55 pm,3.730,0.52,-0.24,-1.10
,,,,,,,,,,05/06/2022 02:36:55 pm,3.740,0.52,-0.26,-0.80
,,,,,,,,,,05/06/2022 02:36:55 pm,3.750,0.51,-0.26,-0.16
,,,,,,,,,,05/06/2022 02:36:55 pm,3.760,0.51,-0.26,0.00
,,,,,,,,,,05/06/2022 02:36:55 pm,3.770,0.51,-0.25,-0.37
,,,,,,,,,,05/06/2022 02:36:55 pm,3.780,0.50,-0.27,-0.49
,,,,,,,,,,05/06/2022 02:36:55 pm,3.790,0.50,-0.27,-0.06
,,,,,,,,,,05/06/2022 02:36:55 pm,3.800,0.50,-0.26,0.42
,,,,,,,,,,05/06/2022 02:36:55 pm,3.810,0.50,-0.26,0.49
,,,,,,,,,,05/06/2022 02:36:55 pm,3.820,0.49,-0.26,0.38
,,,,,,,,,,05/06/2022 02:36:55 pm,3.830,0.49,-0.25,0.42
,,,,,,,,,,05/06/2022 02:36:55 pm,3.840,0.49,-0.25,0.47
,,,,,,,,,,05/06/2022 02:36:55 pm,3.850,0.49,-0.24,0.51
,,,,,,,,,,05/06/2022 02:36:55 pm,3.860,0.48,-0.24,0.64
,,,,,,,,,,05/06/2022 02:36:55 pm,3.870,0.48,-0.23,0.89
,,,,,,,,,,05/06/2022 02:36:55 pm,3.880,0.48,-0.22,1.05
,,,,,,,,,,05/06/2022 02:36:55 pm,3.890,0.48,-0.21,1.05
,,,,,,,,,,05/06/2022 02:36:55 pm,3.900,0.48,-0.20,1.08
,,,,,,,,,,05/06/2022 02:36:55 pm,3.910,0.47,-0.19,1.22
,,,,,,,,,,05/06/2022 02:36:55 pm,3.920,0.47,-0.17,1.39
,,,,,,,,,,05/06/2022 02:36:55 pm,3.930,0.47,-0.16,1.39
,,,,,,,,,,05/06/2022 02:36:55 pm,3.940,0.47,-0.14,1.33
,,,,,,,,,,05/06/2022 02:36:55 pm,3.950,0.47,-0.13,1.37
,,,,,,,,,,05/06/2022 02:36:55 pm,3.960,0.47,-0.12,1.51
,,,,,,,,,,05/06/2022 02:36:55 pm,3.970,0.46,-0.10,1.67
,,,,,,,,,,05/06/2022 02:36:55 pm,3.980,0.46,-0.09,1.68
,,,,,,,,,,05/06/2022 02:36:55 pm,3.990,0.46,-0.07,1.63
,,,,,,,,,,05/06/2022 02:36:56 pm,4.000,0.46,-0.05,1.62
,,,,,,,,,,05/06/2022 02:36:56 pm,4.010,0.46,-0.04,1.66
,,,,,,,,,,05/06/2022 02:36:56 pm,4.020,0.46,-0.02,1.76
,,,,,,,,,,05/06/2022 02:36:56 pm,4.030,0.46,0.00,1.82
,,,,,,,,,,05/06/2022 02:36:56 pm,4.040,0.46,0.02,1.83
,,,,,,,,,,05/06/2022 02:36:56 pm,4.050,0.46,0.03,1.73
,,,,,,,,,,05/06/2022 02:36:56 pm,4.060,0.46,0.05,1.62
,,,,,,,,,,05/06/2022 02:36:56 pm,4.070,0.46,0.07,1.62
,,,,,,,,,,05/06/2022 02:36:56 pm,4.080,0.46,0.08,1.62
,,,,,,,,,,05/06/2022 02:36:56 pm,4.090,0.46,0.10,1.63
,,,,,,,,,,05/06/2022 02:36:56 pm,4.100,0.47,0.12,1.58
,,,,,,,,,,05/06/2022 02:36:56 pm,4.110,0.47,0.13,1.54
,,,,,,,,,,05/06/2022 02:36:56 pm,4.120,0.47,0.15,1.44
,,,,,,,,,,05/06/2022 02:36:56 pm,4.130,0.47,0.16,1.34
,,,,,,,,,,05/06/2022 02:36:56 pm,4.140,0.47,0.17,1.34
,,,,,,,,,,05/06/2022 02:36:56 pm,4.150,0.47,0.19,1.31
,,,,,,,,,,05/06/2022 02:36:56 pm,4.160,0.48,0.20,1.16
,,,,,,,,,,05/06/2022 02:36:56 pm,4.170,0.48,0.21,1.00
,,,,,,,,,,05/06/2022 02:36:56 pm,4.180,0.48,0.22,1.01
,,,,,,,,,,05/06/2022 02:36:56 pm,4.190,0.48,0.23,0.99
,,,,,,,,,,05/06/2022 02:36:56 pm,4.200,0.48,0.24,0.73
,,,,,,,,,,05/06/2022 02:36:56 pm,4.210,0.49,0.25,0.56
,,,,,,,,,,05/06/2022 02:36:56 pm,4.220,0.49,0.25,0.68
,,,,,,,,,,05/06/2022 02:36:56 pm,4.230,0.49,0.26,0.69
,,,,,,,,,,05/06/2022 02:36:56 pm,4.240,0.49,0.27,0.20
,,,,,,,,,,05/06/2022 02:36:56 pm,4.250,0.50,0.26,-0.31
,,,,,,,,,,05/06/2022 02:36:56 pm,4.260,0.50,0.25,0.13
,,,,,,,,,,05/06/2022 02:36:56 pm,4.270,0.50,0.26,1.01
,,,,,,,,,,05/06/2022 02:36:56 pm,4.280,0.50,0.29,0.81
,,,,,,,,,,05/06/2022 02:36:56 pm,4.290,0.51,0.29,-0.56
,,,,,,,,,,05/06/2022 02:36:56 pm,4.300,0.51,0.27,-1.53
,,,,,,,,,,05/06/2022 02:36:56 pm,4.310,0.51,0.24,-0.88
,,,,,,,,,,05/06/2022 02:36:56 pm,4.320,0.52,0.24,0.05
,,,,,,,,,,05/06/2022 02:36:56 pm,4.330,0.52,0.26,-0.17
,,,,,,,,,,05/06/2022 02:36:56 pm,4.340,0.52,0.25,-1.01
,,,,,,,,,,05/06/2022 02:36:56 pm,4.350,0.52,0.23,-1.46
,,,,,,,,,,05/06/2022 02:36:56 pm,4.360,0.52,0.22,-0.61
,,,,,,,,,,05/06/2022 02:36:56 pm,4.370,0.53,0.21,0.08
,,,,,,,,,,05/06/2022 02:36:56 pm,4.380,0.53,0.23,-0.04
,,,,,,,,,,05/06/2022 02:36:56 pm,4.390,0.53,0.22,-0.64
,,,,,,,,,,05/06/2022 02:36:56 pm,4.400,0.54,0.21,-1.86
,,,,,,,,,,05/06/2022 02:36:56 pm,4.410,0.53,0.20,-2.27
,,,,,,,,,,05/06/2022 02:36:56 pm,4.420,0.54,0.14,-2.13
,,,,,,,,,,05/06/2022 02:36:56 pm,4.430,0.54,0.14,-1.48
,,,,,,,,,,05/06/2022 02:36:56 pm,4.440,0.54,0.13,-1.88
,,,,,,,,,,05/06/2022 02:36:56 pm,4.450,0.54,0.12,-3.95
,,,,,,,,,,05/06/2022 02:36:56 pm,4.460,0.54,0.05,-3.85
,,,,,,,,,,05/06/2022 02:36:56 pm,4.470,0.54,-0.02,-0.56
,,,,,,,,,,05/06/2022 02:36:56 pm,4.480,0.54,0.04,2.78
,,,,,,,,,,05/06/2022 02:36:56 pm,4.490,0.54,0.10,1.70
,,,,,,,,,,05/06/2022 02:36:56 pm,4.500,0.55,0.10,-3.32
,,,,,,,,,,05/06/2022 02:36:56 pm,4.510,0.55,0.02,-6.62
,,,,,,,,,,05/06/2022 02:36:56 pm,4.520,0.55,-0.08,-5.04
,,,,,,,,,,05/06/2022 02:36:56 pm,4.530,0.54,-0.11,0.05
,,,,,,,,,,05/06/2022 02:36:56 pm,4.540,0.54,-0.07,2.88
,,,,,,,,,,05/06/2022 02:36:56 pm,4.550,0.54,0.01,0.56
,,,,,,,,,,05/06/2022 02:36:56 pm,4.560,0.54,-0.03,-3.79
,,,,,,,,,,05/06/2022 02:36:56 pm,4.570,0.54,-0.12,-5.20
,,,,,,,,,,05/06/2022 02:36:56 pm,4.580,0.54,-0.17,-2.14
,,,,,,,,,,05/06/2022 02:36:56 pm,4.590,0.54,-0.16,0.66
,,,,,,,,,,05/06/2022 02:36:56 pm,4.600,0.54,-0.11,0.34
,,,,,,,,,,05/06/2022 02:36:56 pm,4.610,0.53,-0.13,-1.97
,,,,,,,,,,05/06/2022 02:36:56 pm,4.620,0.54,-0.18,-3.49
,,,,,,,,,,05/06/2022 02:36:56 pm,4.630,0.53,-0.22,-2.36
,,,,,,,,,,05/06/2022 02:36:56 pm,4.640,0.53,-0.24,-0.24
,,,,,,,,,,05/06/2022 02:36:56 pm,4.650,0.53,-0.21,1.04
,,,,,,,,,,05/06/2022 02:36:56 pm,4.660,0.53,-0.19,0.05
,,,,,,,,,,05/06/2022 02:36:56 pm,4.670,0.52,-0.20,-2.49
,,,,,,,,,,05/06/2022 02:36:56 pm,4.680,0.52,-0.25,-2.82
,,,,,,,,,,05/06/2022 02:36:56 pm,4.690,0.52,-0.31,-0.13
,,,,,,,,,,05/06/2022 02:36:56 pm,4.700,0.52,-0.26,1.79
,,,,,,,,,,05/06/2022 02:36:56 pm,4.710,0.51,-0.20,0.06
,,,,,,,,,,05/06/2022 02:36:56 pm,4.720,0.51,-0.25,-2.40
,,,,,,,,,,05/06/2022 02:36:56 pm,4.730,0.51,-0.31,-1.20
,,,,,,,,,,05/06/2022 02:36:56 pm,4.740,0.51,-0.29,1.45
,,,,,,,,,,05/06/2022 02:36:56 pm,4.750,0.50,-0.23,1.55
,,,,,,,,,,05/06/2022 02:36:56 pm,4.760,0.50,-0.24,-0.41
,,,,,,,,,,05/06/2022 02:36:56 pm,4.770,0.50,-0.27,-1.10
,,,,,,,,,,05/06/2022 02:36:56 pm,4.780,0.50,-0.28,-0.04
,,,,,,,,,,05/06/2022 02:36:56 pm,4.790,0.49,-0.26,0.69
,,,,,,,,,,05/06/2022 02:36:56 pm,4.800,0.49,-0.25,0.55
,,,,,,,,,,05/06/2022 02:36:56 pm,4.810,0.49,-0.25,0.30
,,,,,,,,,,05/06/2022 02:36:56 pm,4.820,0.49,-0.25,0.53
,,,,,,,,,,05/06/2022 02:36:56 pm,4.830,0.48,-0.24,0.88
,,,,,,,,,,05/06/2022 02:36:56 pm,4.840,0.48,-0.23,1.09
,,,,,,,,,,05/06/2022 02:36:56 pm,4.850,0.48,-0.22,1.14
,,,,,,,,,,05/06/2022 02:36:56 pm,4.860,0.48,-0.21,1.18
,,,,,,,,,,05/06/2022 02:36:56 pm,4.870,0.47,-0.20,1.32
,,,,,,,,,,05/06/2022 02:36:56 pm,4.880,0.47,-0.18,1.48
,,,,,,,,,,05/06/2022 02:36:56 pm,4.890,0.47,-0.17,1.50
,,,,,,,,,,05/06/2022 02:36:56 pm,4.900,0.47,-0.15,1.39
,,,,,,,,,,05/06/2022 02:36:56 pm,4.910,0.47,-0.14,1.36
,,,,,,,,,,05/06/2022 02:36:56 pm,4.920,0.47,-0.13,1.55
,,,,,,,,,,05/06/2022 02:36:56 pm,4.930,0.46,-0.11,1.77
,,,,,,,,,,05/06/2022 02:36:56 pm,4.940,0.46,-0.09,1.78
,,,,,,,,,,05/06/2022 02:36:56 pm,4.950,0.46,-0.07,1.68
,,,,,,,,,,05/06/2022 02:36:56 pm,4.960,0.46,-0.06,1.62
,,,,,,,,,,05/06/2022 02:36:56 pm,4.970,0.46,-0.04,1.67
,,,,,,,,,,05/06/2022 02:36:56 pm,4.980,0.46,-0.02,1.72
,,,,,,,,,,05/06/2022 02:36:56 pm,4.990,0.46,-0.01,1.71
,,,,,,,,,,05/06/2022 02:36:57 pm,5.000,0.46,0.01,1.76
,,,,,,,,,,05/06/2022 02:36:57 pm,5.010,0.46,0.03,1.82
,,,,,,,,,,05/06/2022 02:36:57 pm,5.020,0.46,0.05,1.79
,,,,,,,,,,05/06/2022 02:36:57 pm,5.030,0.46,0.07,1.64
,,,,,,,,,,05/06/2022 02:36:57 pm,5.040,0.46,0.08,1.48
,,,,,,,,,,05/06/2022 02:36:57 pm,5.050,0.46,0.10,1.47
,,,,,,,,,,05/06/2022 02:36:57 pm,5.060,0.47,0.11,1.53
,,,,,,,,,,05/06/2022 02:36:57 pm,5.070,0.47,0.13,1.53
,,,,,,,,,,05/06/2022 02:36:57 pm,5.080,0.47,0.14,1.49
,,,,,,,,,,05/06/2022 02:36:57 pm,5.090,0.47,0.16,1.44
,,,,,,,,,,05/06/2022 02:36:57 pm,5.100,0.47,0.17,1.40
,,,,,,,,,,05/06/2022 02:36:57 pm,5.110,0.47,0.18,1.26
,,,,,,,,,,05/06/2022 02:36:57 pm,5.120,0.47,0.20,1.10
,,,,,,,,,,05/06/2022 02:36:57 pm,5.130,0.48,0.20,1.05
,,,,,,,,,,05/06/2022 02:36:57 pm,5.140,0.48,0.22,1.06
,,,,,,,,,,05/06/2022 02:36:57 pm,5.150,0.48,0.23,0.98
,,,,,,,,,,05/06/2022 02:36:57 pm,5.160,0.48,0.24,0.79
,,,,,,,,,,05/06/2022 02:36:57 pm,5.170,0.49,0.24,0.60
,,,,,,,,,,05/06/2022 02:36:57 pm,5.180,0.49,0.25,0.40
,,,,,,,,,,05/06/2022 02:36:57 pm,5.190,0.49,0.25,0.22
,,,,,,,,,,05/06/2022 02:36:57 pm,5.200,0.49,0.25,0.29
,,,,,,,,,,05/06/2022 02:36:57 pm,5.210,0.50,0.25,0.67
,,,,,,,,,,05/06/2022 02:36:57 pm,5.220,0.50,0.26,0.78
,,,,,,,,,,05/06/2022 02:36:57 pm,5.230,0.50,0.28,0.03
,,,,,,,,,,05/06/2022 02:36:57 pm,5.240,0.50,0.27,-0.98
,,,,,,,,,,05/06/2022 02:36:57 pm,5.250,0.51,0.25,-0.95
,,,,,,,,,,05/06/2022 02:36:57 pm,5.260,0.51,0.24,0.09
,,,,,,,,,,05/06/2022 02:36:57 pm,5.270,0.51,0.26,0.63
,,,,,,,,,,05/06/2022 02:36:57 pm,5.280,0.51,0.27,-0.07
,,,,,,,,,,05/06/2022 02:36:57 pm,5.290,0.52,0.25,-0.99
,,,,,,,,,,05/06/2022 02:36:57 pm,5.300,0.52,0.24,-1.14
,,,,,,,,,,05/06/2022 02:36:57 pm,5.310,0.52,0.23,-0.82
,,,,,,,,,,05/06/2022 02:36:57 pm,5.320,0.52,0.22,-0.73
,,,,,,,,,,05/06/2022 02:36:57 pm,5.330,0.53,0.22,-0.92
,,,,,,,,,,05/06/2022 02:36:57 pm,5.340,0.53,0.21,-1.16
,,,,,,,,,,05/06/2022 02:36:57 pm,5.350,0.53,0.19,-1.38
,,,,,,,,,,05/06/2022 02:36:57 pm,5.360,0.53,0.18,-1.42
,,,,,,,,,,05/06/2022 02:36:57 pm,5.370,0.53,0.16,-1.47
,,,,,,,,,,05/06/2022 02:36:57 pm,5.380,0.54,0.15,-1.53
,,,,,,,,,,05/06/2022 02:36:57 pm,5.390,0.54,0.13,-1.55
,,,,,,,,,,05/06/2022 02:36:57 pm,5.400,0.54,0.12,-1.39
,,,,,,,,,,05/06/2022 02:36:57 pm,5.410,0.54,0.10,-1.29
,,,,,,,,,,05/06/2022 02:36:57 pm,5.420,0.54,0.09,-1.59
,,,,,,,,,,05/06/2022 02:36:57 pm,5.430,0.54,0.08,-1.87
,,,,,,,,,,05/06/2022 02:36:57 pm,5.440,0.54,0.05,-1.84
,,,,,,,,,,05/06/2022 02:36:57 pm,5.450,0.54,0.04,-1.63
,,,,,,,,,,05/06/2022 02:36:57 pm,5.460,0.54,0.02,-1.58
,,,,,,,,,,05/06/2022 02:36:57 pm,5.470,0.54,0.01,-1.61
,,,,,,,,,,05/06/2022 02:36:57 pm,5.480,0.54,-0.01,-1.41
,,,,,,,,,,05/06/2022 02:36:57 pm,5.490,0.54,-0.02,-1.20
,,,,,,,,,,05/06/2022 02:36:57 pm,5.500,0.54,-0.03,-1.41
,,,,,,,,,,05/06/2022 02:36:57 pm,5.510,0.54,-0.05,-1.93
,,,,,,,,,,05/06/2022 02:36:57 pm,5.520,0.54,-0.07,-2.20
,,,,,,,,,,05/06/2022 02:36:57 pm,5.530,0.54,-0.10,-1.93
,,,,,,,,,,05/06/2022 02:36:57 pm,5.540,0.54,-0.11,-1.46
,,,,,,,,,,05/06/2022 02:36:57 pm,5.550,0.54,-0.12,-1.24
,,,,,,,,,,05/06/2022 02:36:57 pm,5.560,0.54,-0.14,-1.24
,,,,,,,,,,05/06/2022 02:36:57 pm,5.570,0.53,-0.15,-1.27
,,,,,,,,,,05/06/2022 02:36:57 pm,5.580,0.53,-0.16,-1.44
,,,,,,,,,,05/06/2022 02:36:57 pm,5.590,0.53,-0.17,-1.47
,,,,,,,,,,05/06/2022 02:36:57 pm,5.600,0.53,-0.20,-1.23
,,,,,,,,,,05/06/2022 02:36:57 pm,5.610,0.53,-0.20,-0.94
,,,,,,,,,,05/06/2022 02:36:57 pm,5.620,0.53,-0.21,-1.16
,,,,,,,,,,05/06/2022 02:36:57 pm,5.630,0.52,-0.22,-0.84
,,,,,,,,,,05/06/2022 02:36:57 pm,5.640,0.52,-0.25,0.44
,,,,,,,,,,05/06/2022 02:36:57 pm,5.650,0.52,-0.21,0.64
,,,,,,,,,,05/06/2022 02:36:57 pm,5.660,0.52,-0.19,-1.58
,,,,,,,,,,05/06/2022 02:36:57 pm,5.670,0.52,-0.24,-3.04
,,,,,,,,,,05/06/2022 02:36:57 pm,5.680,0.51,-0.31,-0.56
,,,,,,,,,,05/06/2022 02:36:57 pm,5.690,0.51,-0.27,2.13
,,,,,,,,,,05/06/2022 02:36:57 pm,5.700,0.51,-0.19,0.85
,,,,,,,,,,05/06/2022 02:36:57 pm,5.710,0.51,-0.23,-2.46
,,,,,,,,,,05/06/2022 02:36:57 pm,5.720,0.50,-0.30,-2.30
,,,,,,,,,,05/06/2022 02:36:57 pm,5.730,0.50,-0.31,0.56
,,,,,,,,,,05/06/2022 02:36:57 pm,5.740,0.50,-0.25,1.94
,,,,,,,,,,05/06/2022 02:36:57 pm,5.750,0.49,-0.25,1.08
,,,,,,,,,,05/06/2022 02:36:57 pm,5.760,0.49,-0.25,0.10
,,,,,,,,,,05/06/2022 02:36:57 pm,5.770,0.49,-0.25,0.37
,,,,,,,,,,05/06/2022 02:36:57 pm,5.780,0.49,-0.24,0.83
,,,,,,,,,,05/06/2022 02:36:57 pm,5.790,0.48,-0.23,1.06
,,,,,,,,,,05/06/2022 02:36:57 pm,5.800,0.48,-0.22,1.01
,,,,,,,,,,05/06/2022 02:36:57 pm,5.810,0.48,-0.21,0.94
,,,,,,,,,,05/06/2022 02:36:57 pm,5.820,0.48,-0.20,1.03
,,,,,,,,,,05/06/2022 02:36:57 pm,5.830,0.48,-0.19,1.19
,,,,,,,,,,05/06/2022 02:36:57 pm,5.840,0.47,-0.18,1.24
,,,,,,,,,,05/06/2022 02:36:57 pm,5.850,0.47,-0.17,1.24
,,,,,,,,,,05/06/2022 02:36:57 pm,5.860,0.47,-0.15,1.27
,,,,,,,,,,05/06/2022 02:36:57 pm,5.870,0.47,-0.14,1.42
,,,,,,,,,,05/06/2022 02:36:57 pm,5.880,0.47,-0.13,1.57
,,,,,,,,,,05/06/2022 02:36:57 pm,5.890,0.47,-0.11,1.67
,,,,,,,,,,05/06/2022 02:36:57 pm,5.900,0.47,-0.09,1.72
,,,,,,,,,,05/06/2022 02:36:57 pm,5.910,0.46,-0.07,1.72
,,,,,,,,,,05/06/2022 02:36:57 pm,5.920,0.46,-0.06,1.72
,,,,,,,,,,05/06/2022 02:36:57 pm,5.930,0.46,-0.04,1.72
,,,,,,,,,,05/06/2022 02:36:57 pm,5.940,0.46,-0.02,1.72
,,,,,,,,,,05/06/2022 02:36:57 pm,5.950,0.46,-0.01,1.73
,,,,,,,,,,05/06/2022 02:36:57 pm,5.960,0.46,0.01,1.68
,,,,,,,,,,05/06/2022 02:36:57 pm,5.970,0.46,0.03,1.58
,,,,,,,,,,05/06/2022 02:36:57 pm,5.980,0.46,0.04,1.53
,,,,,,,,,,05/06/2022 02:36:57 pm,5.990,0.46,0.06,1.53
,,,,,,,,,,05/06/2022 02:36:58 pm,6.000,0.46,0.08,1.53
,,,,,,,,,,05/06/2022 02:36:58 pm,6.010,0.47,0.09,1.52
,,,,,,,,,,05/06/2022 02:36:58 pm,6.020,0.47,0.10,1.57
,,,,,,,,,,05/06/2022 02:36:58 pm,6.030,0.47,0.12,1.64
,,,,,,,,,,05/06/2022 02:36:58 pm,6.040,0.47,0.14,1.51
,,,,,,,,,,05/06/2022 02:36:58 pm,6.050,0.47,0.15,1.25
,,,,,,,,,,05/06/2022 02:36:58 pm,6.060,0.47,0.16,1.13
,,,,,,,,,,05/06/2022 02:36:58 pm,6.070,0.47,0.17,1.23
,,,,,,,,,,05/06/2022 02:36:58 pm,6.080,0.48,0.19,1.35
,,,,,,,,,,05/06/2022 02:36:58 pm,6.090,0.48,0.20,1.27
,,,,,,,,,,05/06/2022 02:36:58 pm,6.100,0.48,0.21,1.08
,,,,,,,,,,05/06/2022 02:36:58 pm,6.110,0.48,0.22,0.88
,,,,,,,,,,05/06/2022 02:36:58 pm,6.120,0.48,0.23,0.73
,,,,,,,,,,05/06/2022 02:36:58 pm,6.130,0.49,0.24,0.63
,,,,,,,,,,05/06/2022 02:36:58 pm,6.140,0.49,0.24,0.55
,,,,,,,,,,05/06/2022 02:36:58 pm,6.150,0.49,0.25,0.40
,,,,,,,,,,05/06/2022 02:36:58 pm,6.160,0.49,0.25,0.22
,,,,,,,,,,05/06/2022 02:36:58 pm,6.170,0.50,0.25,0.33
,,,,,,,,,,05/06/2022 02:36:58 pm,6.180,0.50,0.25,0.45
,,,,,,,,,,05/06/2022 02:36:58 pm,6.190,0.50,0.27,0.00
,,,,,,,,,,05/06/2022 02:36:58 pm,6.200,0.50,0.26,-0.74
,,,,,,,,,,05/06/2022 02:36:58 pm,6.210,0.51,0.24,-0.70
,,,,,,,,,,05/06/2022 02:36:58 pm,6.220,0.51,0.24,0.25
,,,,,,,,,,05/06/2022 02:36:58 pm,6.230,0.51,0.25,0.64
,,,,,,,,,,05/06/2022 02:36:58 pm,6.240,0.51,0.27,-0.13
,,,,,,,,,,05/06/2022 02:36:58 pm,6.250,0.52,0.25,-0.95
,,,,,,,,,,05/06/2022 02:36:58 pm,6.260,0.52,0.23,-0.98
,,,,,,,,,,05/06/2022 02:36:58 pm,6.270,0.52,0.23,-0.74
,,,,,,,,,,05/06/2022 02:36:58 pm,6.280,0.52,0.23,-0.88
,,,,,,,,,,05/06/2022 02:36:58 pm,6.290,0.53,0.21,-1.10
,,,,,,,,,,05/06/2022 02:36:58 pm,6.300,0.53,0.20,-1.10
,,,,,,,,,,05/06/2022 02:36:58 pm,6.310,0.53,0.19,-1.08
,,,,,,,,,,05/06/2022 02:36:58 pm,6.320,0.53,0.18,-1.18
,,,,,,,,,,05/06/2022 02:36:58 pm,6.330,0.53,0.17,-1.27
,,,,,,,,,,05/06/2022 02:36:58 pm,6.340,0.53,0.15,-1.40
,,,,,,,,,,05/06/2022 02:36:58 pm,6.350,0.54,0.14,-1.62
,,,,,,,,,,05/06/2022 02:36:58 pm,6.360,0.54,0.12,-1.70
,,,,,,,,,,05/06/2022 02:36:58 pm,6.370,0.54,0.10,-1.49
,,,,,,,,,,05/06/2022 02:36:58 pm,6.380,0.54,0.09,-1.35
,,,,,,,,,,05/06/2022 02:36:58 pm,6.390,0.54,0.08,-1.58
,,,,,,,,,,05/06/2022 02:36:58 pm,6.400,0.54,0.06,-1.91
,,,,,,,,,,05/06/2022 02:36:58 pm,6.410,0.54,0.04,-1.95
,,,,,,,,,,05/06/2022 02:36:58 pm,6.420,0.54,0.02,-1.71
,,,,,,,,,,05/06/2022 02:36:58 pm,6.430,0.54,0.01,-1.43
,,,,,,,,,,05/06/2022 02:36:58 pm,6.440,0.54,-0.01,-1.39
,,,,,,,,,,05/06/2022 02:36:58 pm,6.450,0.54,-0.02,-1.67
,,,,,,,,,,05/06/2022 02:36:58 pm,6.460,0.54,-0.04,-2.06
,,,,,,,,,,05/06/2022 02:36:58 pm,6.470,0.54,-0.07,-2.12
,,,,,,,,,,05/06/2022 02:36:58 pm,6.480,0.54,-0.09,-1.69
,,,,,,,,,,05/06/2022 02:36:58 pm,6.490,0.54,-0.10,-1.24
,,,,,,,,,,05/06/2022 02:36:58 pm,6.500,0.54,-0.11,-1.25
,,,,,,,,,,05/06/2022 02:36:58 pm,6.510,0.54,-0.12,-1.52
,,,,,,,,,,05/06/2022 02:36:58 pm,6.520,0.54,-0.14,-1.66
,,,,,,,,,,05/06/2022 02:36:58 pm,6.530,0.53,-0.16,-1.48
,,,,,,,,,,05/06/2022 02:36:58 pm,6.540,0.53,-0.17,-1.16
,,,,,,,,,,05/06/2022 02:36:58 pm,6.550,0.53,-0.18,-1.05
,,,,,,,,,,05/06/2022 02:36:58 pm,6.560,0.53,-0.19,-1.09
,,,,,,,,,,05/06/2022 02:36:58 pm,6.570,0.53,-0.20,-1.20
,,,,,,,,,,05/06/2022 02:36:58 pm,6.580,0.53,-0.21,-1.17
,,,,,,,,,,05/06/2022 02:36:58 pm,6.590,0.52,-0.23,-1.05
,,,,,,,,,,05/06/2022 02:36:58 pm,6.600,0.52,-0.23,-0.78
,,,,,,,,,,05/06/2022 02:36:58 pm,6.610,0.52,-0.24,-0.35
,,,,,,,,,,05/06/2022 02:36:58 pm,6.620,0.52,-0.24,-0.18
,,,,,,,,,,05/06/2022 02:36:58 pm,6.630,0.51,-0.24,-0.57
,,,,,,,,,,05/06/2022 02:36:58 pm,6.640,0.51,-0.25,-1.01
,,,,,,,,,,05/06/2022 02:36:58 pm,6.650,0.51,-0.27,-0.67
,,,,,,,,,,05/06/2022 02:36:58 pm,6.660,0.51,-0.27,0.07
,,,,,,,,,,05/06/2022 02:36:58 pm,6.670,0.50,-0.26,0.32
,,,,,,,,,,05/06/2022 02:36:58 pm,6.680,0.50,-0.26,0.04
,,,,,,,,,,05/06/2022 02:36:58 pm,6.690,0.50,-0.26,0.04
,,,,,,,,,,05/06/2022 02:36:58 pm,6.700,0.50,-0.26,0.45
,,,,,,,,,,05/06/2022 02:36:58 pm,6.710,0.49,-0.25,0.68
,,,,,,,,,,05/06/2022 02:36:58 pm,6.720,0.49,-0.24,0.58
,,,,,,,,,,05/06/2022 02:36:58 pm,6.730,0.49,-0.24,0.51
,,,,,,,,,,05/06/2022 02:36:58 pm,6.740,0.49,-0.24,0.61
,,,,,,,,,,05/06/2022 02:36:58 pm,6.750,0.48,-0.23,0.70
,,,,,,,,,,05/06/2022 02:36:58 pm,6.760,0.48,-0.22,0.83
,,,,,,,,,,05/06/2022 02:36:58 pm,6.770,0.48,-0.21,1.07
,,,,,,,,,,05/06/2022 02:36:58 pm,6.780,0.48,-0.20,1.29
,,,,,,,,,,05/06/2022 02:36:58 pm,6.790,0.47,-0.19,1.30
,,,,,,,,,,05/06/2022 02:36:58 pm,6.800,0.47,-0.17,1.24
,,,,,,,,,,05/06/2022 02:36:58 pm,6.810,0.47,-0.16,1.28
,,,,,,,,,,05/06/2022 02:36:58 pm,6.820,0.47,-0.15,1.37
,,,,,,,,,,05/06/2022 02:36:58 pm,6.830,0.47,-0.13,1.47
,,,,,,,,,,05/06/2022 02:36:58 pm,6.840,0.47,-0.12,1.57
,,,,,,,,,,05/06/2022 02:36:58 pm,6.850,0.47,-0.10,1.67
,,,,,,,,,,05/06/2022 02:36:58 pm,6.860,0.46,-0.09,1.68
,,,,,,,,,,05/06/2022 02:36:58 pm,6.870,0.46,-0.07,1.63
,,,,,,,,,,05/06/2022 02:36:58 pm,6.880,0.46,-0.05,1.62
,,,,,,,,,,05/06/2022 02:36:58 pm,6.890,0.46,-0.04,1.67
,,,,,,,,,,05/06/2022 02:36:58 pm,6.900,0.46,-0.02,1.73
,,,,,,,,,,05/06/2022 02:36:58 pm,6.910,0.46,0.00,1.69
,,,,,,,,,,05/06/2022 02:36:58 pm,6.920,0.46,0.02,1.58
,,,,,,,,,,05/06/2022 02:36:58 pm,6.930,0.46,0.03,1.52
,,,,,,,,,,05/06/2022 02:36:58 pm,6.940,0.46,0.04,1.60
,,,,,,,,,,05/06/2022 02:36:58 pm,6.950,0.46,0.06,1.77
,,,,,,,,,,05/06/2022 02:36:58 pm,6.960,0.46,0.08,1.79
,,,,,,,,,,05/06/2022 02:36:58 pm,6.970,0.47,0.10,1.60
,,,,,,,,,,05/06/2022 02:36:58 pm,6.980,0.47,0.11,1.39
,,,,,,,,,,05/06/2022 02:36:58 pm,6.990,0.47,0.12,1.33
,,,,,,,,,,05/06/2022 02:36:59 pm,7.000,0.47,0.14,1.38
,,,,,,,,,,05/06/2022 02:36:59 pm,7.010,0.47,0.15,1.44
,,,,,,,,,,05/06/2022 02:36:59 pm,7.020,0.47,0.17,1.40
,,,,,,,,,,05/06/2022 02:36:59 pm,7.030,0.47,0.18,1.30
,,,,,,,,,,05/06/2022 02:36:59 pm,7.040,0.48,0.19,1.20
,,,,,,,,,,05/06/2022 02:36:59 pm,7.050,0.48,0.20,1.15
,,,,,,,,,,05/06/2022 02:36:59 pm,7.060,0.48,0.22,1.12
,,,,,,,,,,05/06/2022 02:36:59 pm,7.070,0.48,0.23,0.94
,,,,,,,,,,05/06/2022 02:36:59 pm,7.080,0.48,0.24,0.60
,,,,,,,,,,05/06/2022 02:36:59 pm,7.090,0.49,0.24,1.06
,,,,,,,,,,05/06/2022 02:36:59 pm,7.100,0.49,0.24,1.83
,,,,,,,,,,05/06/2022 02:36:59 pm,7.110,0.49,0.29,1.25
,,,,,,,,,,05/06/2022 02:36:59 pm,7.120,0.49,0.30,-1.03
,,,,,,,,,,05/06/2022 02:36:59 pm,7.130,0.50,0.26,-1.93
,,,,,,,,,,05/06/2022 02:36:59 pm,7.140,0.50,0.21,0.34
,,,,,,,,,,05/06/2022 02:36:59 pm,7.150,0.50,0.26,1.78
,,,,,,,,,,05/06/2022 02:36:59 pm,7.160,0.50,0.31,-0.31
,,,,,,,,,,05/06/2022 02:36:59 pm,7.170,0.51,0.26,-2.33
,,,,,,,,,,05/06/2022 02:36:59 pm,7.180,0.51,0.19,-0.45
,,,,,,,,,,05/06/2022 02:36:59 pm,7.190,0.51,0.24,1.85
,,,,,,,,,,05/06/2022 02:36:59 pm,7.200,0.51,0.30,0.51
,,,,,,,,,,05/06/2022 02:36:59 pm,7.210,0.52,0.26,-2.38
,,,,,,,,,,05/06/2022 02:36:59 pm,7.220,0.52,0.21,-2.42
,,,,,,,,,,05/06/2022 02:36:59 pm,7.230,0.52,0.20,-0.11
,,,,,,,,,,05/06/2022 02:36:59 pm,7.240,0.52,0.22,0.85
,,,,,,,,,,05/06/2022 02:36:59 pm,7.250,0.53,0.24,0.44
,,,,,,,,,,05/06/2022 02:36:59 pm,7.260,0.53,0.22,-0.85
,,,,,,,,,,05/06/2022 02:36:59 pm,7.270,0.53,0.23,-2.26
,,,,,,,,,,05/06/2022 02:36:59 pm,7.280,0.53,0.18,-2.89
,,,,,,,,,,05/06/2022 02:36:59 pm,7.290,0.54,0.14,-2.92
,,,,,,,,,,05/06/2022 02:36:59 pm,7.300,0.54,0.13,-1.66
,,,,,,,,,,05/06/2022 02:36:59 pm,7.310,0.54,0.10,-0.11
,,,,,,,,,,05/06/2022 02:36:59 pm,7.320,0.54,0.12,0.90
,,,,,,,,,,05/06/2022 02:36:59 pm,7.330,0.54,0.15,0.01
,,,,,,,,,,05/06/2022 02:36:59 pm,7.340,0.54,0.14,-2.98
,,,,,,,,,,05/06/2022 02:36:59 pm,7.350,0.54,0.08,-4.81
,,,,,,,,,,05/06/2022 02:36:59 pm,7.360,0.54,0.01,-3.55
,,,,,,,,,,05/06/2022 02:36:59 pm,7.370,0.54,-0.01,-1.12
,,,,,,,,,,05/06/2022 02:36:59 pm,7.380,0.54,0.02,-0.15
,,,,,,,,,,05/06/2022 02:36:59 pm,7.390,0.54,0.00,-0.77
,,,,,,,,,,05/06/2022 02:36:59 pm,7.400,0.54,-0.01,-1.10
,,,,,,,,,,05/06/2022 02:36:59 pm,7.410,0.54,-0.03,-0.99
,,,,,,,,,,05/06/2022 02:36:59 pm,7.420,0.54,-0.02,-1.71
,,,,,,,,,,05/06/2022 02:36:59 pm,7.430,0.54,-0.05,-2.50
,,,,,,,,,,05/06/2022 02:36:59 pm,7.440,0.54,-0.09,-2.51
,,,,,,,,,,05/06/2022 02:36:59 pm,7.450,0.54,-0.10,-1.64
,,,,,,,,,,05/06/2022 02:36:59 pm,7.460,0.54,-0.12,-1.47
,,,,,,,,,,05/06/2022 02:36:59 pm,7.470,0.54,-0.12,-1.94
,,,,,,,,,,05/06/2022 02:36:59 pm,7.480,0.54,-0.16,-1.80
,,,,,,,,,,05/06/2022 02:36:59 pm,7.490,0.54,-0.17,-1.26
,,,,,,,,,,05/06/2022 02:36:59 pm,7.500,0.53,-0.17,-0.75
,,,,,,,,,,05/06/2022 02:36:59 pm,7.510,0.53,-0.19,-0.85
,,,,,,,,,,05/06/2022 02:36:59 pm,7.520,0.53,-0.19,-0.96
,,,,,,,,,,05/06/2022 02:36:59 pm,7.530,0.53,-0.21,-0.95
,,,,,,,,,,05/06/2022 02:36:59 pm,7.540,0.53,-0.21,-1.01
,,,,,,,,,,05/06/2022 02:36:59 pm,7.550,0.52,-0.23,-0.99
,,,,,,,,,,05/06/2022 02:36:59 pm,7.560,0.52,-0.23,-0.82
,,,,,,,,,,05/06/2022 02:36:59 pm,7.570,0.52,-0.24,-0.45
,,,,,,,,,,05/06/2022 02:36:59 pm,7.580,0.52,-0.24,-0.29
,,,,,,,,,,05/06/2022 02:36:59 pm,7.590,0.51,-0.24,-0.59
,,,,,,,,,,05/06/2022 02:36:59 pm,7.600,0.51,-0.25,-0.92
,,,,,,,,,,05/06/2022 02:36:59 pm,7.610,0.51,-0.27,-0.58
,,,,,,,,,,05/06/2022 02:36:59 pm,7.620,0.51,-0.27,0.16
,,,,,,,,,,05/06/2022 02:36:59 pm,7.630,0.50,-0.26,0.42
,,,,,,,,,,05/06/2022 02:36:59 pm,7.640,0.50,-0.25,0.12
,,,,,,,,,,05/06/2022 02:36:59 pm,7.650,0.50,-0.26,-0.08
,,,,,,,,,,05/06/2022 02:36:59 pm,7.660,0.50,-0.26,0.16
,,,,,,,,,,05/06/2022 02:36:59 pm,7.670,0.49,-0.26,0.42
,,,,,,,,,,05/06/2022 02:36:59 pm,7.680,0.49,-0.25,0.47
,,,,,,,,,,05/06/2022 02:36:59 pm,7.690,0.49,-0.25,0.55
,,,,,,,,,,05/06/2022 02:36:59 pm,7.700,0.49,-0.24,0.75
,,,,,,,,,,05/06/2022 02:36:59 pm,7.710,0.48,-0.23,0.91
,,,,,,,,,,05/06/2022 02:36:59 pm,7.720,0.48,-0.22,0.91
,,,,,,,,,,05/06/2022 02:36:59 pm,7.730,0.48,-0.21,0.89
,,,,,,,,,,05/06/2022 02:36:59 pm,7.740,0.48,-0.21,1.03
,,,,,,,,,,05/06/2022 02:36:59 pm,7.750,0.47,-0.19,1.22
,,,,,,,,,,05/06/2022 02:36:59 pm,7.760,0.47,-0.18,1.38
,,,,,,,,,,05/06/2022 02:36:59 pm,7.770,0.47,-0.17,1.44
,,,,,,,,,,05/06/2022 02:36:59 pm,7.780,0.47,-0.15,1.44
,,,,,,,,,,05/06/2022 02:36:59 pm,7.790,0.47,-0.14,1.44
,,,,,,,,,,05/06/2022 02:36:59 pm,7.800,0.47,-0.12,1.43
,,,,,,,,,,05/06/2022 02:36:59 pm,7.810,0.47,-0.11,1.43
,,,,,,,,,,05/06/2022 02:36:59 pm,7.820,0.46,-0.09,1.46
,,,,,,,,,,05/06/2022 02:36:59 pm,7.830,0.46,-0.08,1.60
,,,,,,,,,,05/06/2022 02:36:59 pm,7.840,0.46,-0.06,1.80
,,,,,,,,,,05/06/2022 02:36:59 pm,7.850,0.46,-0.04,1.92
,,,,,,,,,,05/06/2022 02:36:59 pm,7.860,0.46,-0.02,1.84
,,,,,,,,,,05/06/2022 02:36:59 pm,7.870,0.46,0.00,1.64
,,,,,,,,,,05/06/2022 02:36:59 pm,7.880,0.46,0.01,1.52
,,,,,,,,,,05/06/2022 02:36:59 pm,7.890,0.46,0.02,1.56
,,,,,,,,,,05/06/2022 02:36:59 pm,7.900,0.46,0.04,1.67
,,,,,,,,,,05/06/2022 02:36:59 pm,7.910,0.46,0.06,1.72
,,,,,,,,,,05/06/2022 02:36:59 pm,7.920,0.46,0.08,1.72
,,,,,,,,,,05/06/2022 02:36:59 pm,7.930,0.46,0.09,1.73
,,,,,,,,,,05/06/2022 02:36:59 pm,7.940,0.47,0.11,1.69
,,,,,,,,,,05/06/2022 02:36:59 pm,7.950,0.47,0.13,1.55
,,,,,,,,,,05/06/2022 02:36:59 pm,7.960,0.47,0.14,1.35
,,,,,,,,,,05/06/2022 02:36:59 pm,7.970,0.47,0.15,1.23
,,,,,,,,,,05/06/2022 02:36:59 pm,7.980,0.47,0.16,1.28
,,,,,,,,,,05/06/2022 02:36:59 pm,7.990,0.47,0.18,1.35
,,,,,,,,,,05/06/2022 02:37:00 pm,8.000,0.47,0.19,1.27
,,,,,,,,,,05/06/2022 02:37:00 pm,8.010,0.48,0.21,1.07
,,,,,,,,,,05/06/2022 02:37:00 pm,8.020,0.48,0.21,0.91
,,,,,,,,,,05/06/2022 02:37:00 pm,8.030,0.48,0.22,0.85
,,,,,,,,,,05/06/2022 02:37:00 pm,8.040,0.48,0.23,0.91
,,,,,,,,,,05/06/2022 02:37:00 pm,8.050,0.49,0.24,0.93
,,,,,,,,,,05/06/2022 02:37:00 pm,8.060,0.49,0.25,0.76
,,,,,,,,,,05/06/2022 02:37:00 pm,8.070,0.49,0.26,0.44
,,,,,,,,,,05/06/2022 02:37:00 pm,8.080,0.49,0.26,0.32
,,,,,,,,,,05/06/2022 02:37:00 pm,8.090,0.50,0.26,0.45
,,,,,,,,,,05/06/2022 02:37:00 pm,8.100,0.50,0.27,0.36
,,,,,,,,,,05/06/2022 02:37:00 pm,8.110,0.50,0.27,-0.15
,,,,,,,,,,05/06/2022 02:37:00 pm,8.120,0.50,0.26,-0.51
,,,,,,,,,,05/06/2022 02:37:00 pm,8.130,0.51,0.25,-0.28
,,,,,,,,,,05/06/2022 02:37:00 pm,8.140,0.51,0.26,0.08
,,,,,,,,,,05/06/2022 02:37:00 pm,8.150,0.51,0.26,-0.07
,,,,,,,,,,05/06/2022 02:37:00 pm,8.160,0.51,0.26,-0.58
,,,,,,,,,,05/06/2022 02:37:00 pm,8.170,0.52,0.25,-0.87
,,,,,,,,,,05/06/2022 02:37:00 pm,8.180,0.52,0.24,-0.77
,,,,,,,,,,05/06/2022 02:37:00 pm,8.190,0.52,0.23,-0.70
,,,,,,,,,,05/06/2022 02:37:00 pm,8.200,0.52,0.23,-0.80
,,,,,,,,,,05/06/2022 02:37:00 pm,8.210,0.53,0.22,-0.90
,,,,,,,,,,05/06/2022 02:37:00 pm,8.220,0.53,0.21,-0.94
,,,,,,,,,,05/06/2022 02:37:00 pm,8.230,0.53,0.20,-1.03
,,,,,,,,,,05/06/2022 02:37:00 pm,8.240,0.53,0.19,-1.18
,,,,,,,,,,05/06/2022 02:37:00 pm,8.250,0.53,0.17,-1.27
,,,,,,,,,,05/06/2022 02:37:00 pm,8.260,0.54,0.16,-1.41
,,,,,,,,,,05/06/2022 02:37:00 pm,8.270,0.54,0.15,-1.57
,,,,,,,,,,05/06/2022 02:37:00 pm,8.280,0.54,0.13,-1.59
,,,,,,,,,,05/06/2022 02:37:00 pm,8.290,0.54,0.11,-1.45
,,,,,,,,,,05/06/2022 02:37:00 pm,8.300,0.54,0.10,-1.60
,,,,,,,,,,05/06/2022 02:37:00 pm,8.310,0.54,0.09,-2.09
,,,,,,,,,,05/06/2022 02:37:00 pm,8.320,0.54,0.06,-2.26
,,,,,,,,,,05/06/2022 02:37:00 pm,8.330,0.54,0.03,-1.88
,,,,,,,,,,05/06/2022 02:37:00 pm,8.340,0.54,0.02,-1.48
,,,,,,,,,,05/06/2022 02:37:00 pm,8.350,0.54,0.01,-0.92
,,,,,,,,,,05/06/2022 02:37:00 pm,8.360,0.54,-0.01,0.21
,,,,,,,,,,05/06/2022 02:37:00 pm,8.370,0.54,0.01,0.42
,,,,,,,,,,05/06/2022 02:37:00 pm,8.380,0.54,0.04,-1.94
,,,,,,,,,,05/06/2022 02:37:00 pm,8.390,0.54,-0.01,-4.64
,,,,,,,,,,05/06/2022 02:37:00 pm,8.400,0.54,-0.11,-4.36
,,,,,,,,,,05/06/2022 02:37:00 pm,8.410,0.54,-0.13,-1.35
,,,,,,,,,,05/06/2022 02:37:00 pm,8.420,0.54,-0.11,0.64
,,,,,,,,,,05/06/2022 02:37:00 pm,8.430,0.54,-0.09,-0.28
,,,,,,,,,,05/06/2022 02:37:00 pm,8.440,0.54,-0.11,-2.34
,,,,,,,,,,05/06/2022 02:37:00 pm,8.450,0.54,-0.15,-3.54
,,,,,,,,,,05/06/2022 02:37:00 pm,8.460,0.54,-0.19,-2.72
,,,,,,,,,,05/06/2022 02:37:00 pm,8.470,0.53,-0.21,-1.06
,,,,,,,,,,05/06/2022 02:37:00 pm,8.480,0.53,-0.20,-0.55
,,,,,,,,,,05/06/2022 02:37:00 pm,8.490,0.53,-0.20,-1.45
,,,,,,,,,,05/06/2022 02:37:00 pm,8.500,0.53,-0.24,-1.50
,,,,,,,,,,05/06/2022 02:37:00 pm,8.510,0.52,-0.26,-0.38
,,,,,,,,,,05/06/2022 02:37:00 pm,8.520,0.52,-0.23,0.44
,,,,,,,,,,05/06/2022 02:37:00 pm,8.530,0.52,-0.23,-0.23
,,,,,,,,,,05/06/2022 02:37:00 pm,8.540,0.52,-0.24,-1.09
,,,,,,,,,,05/06/2022 02:37:00 pm,8.550,0.52,-0.26,-0.53
,,,,,,,,,,05/06/2022 02:37:00 pm,8.560,0.51,-0.26,0.27
,,,,,,,,,,05/06/2022 02:37:00 pm,8.570,0.51,-0.24,0.18
,,,,,,,,,,05/06/2022 02:37:00 pm,8.580,0.51,-0.25,-0.85
,,,,,,,,,,05/06/2022 02:37:00 pm,8.590,0.51,-0.27,-1.10
,,,,,,,,,,05/06/2022 02:37:00 pm,8.600,0.50,-0.29,-0.11
,,,,,,,,,,05/06/2022 02:37:00 pm,8.610,0.50,-0.27,0.79
,,,,,,,,,,05/06/2022 02:37:00 pm,8.620,0.50,-0.26,0.69
,,,,,,,,,,05/06/2022 02:37:00 pm,8.630,0.49,-0.25,0.14
,,,,,,,,,,05/06/2022 02:37:00 pm,8.640,0.49,-0.26,0.10
,,,,,,,,,,05/06/2022 02:37:00 pm,8.650,0.49,-0.26,0.43
,,,,,,,,,,05/06/2022 02:37:00 pm,8.660,0.49,-0.25,0.79
,,,,,,,,,,05/06/2022 02:37:00 pm,8.670,0.48,-0.24,1.01
,,,,,,,,,,05/06/2022 02:37:00 pm,8.680,0.48,-0.23,1.02
,,,,,,,,,,05/06/2022 02:37:00 pm,8.690,0.48,-0.22,0.91
,,,,,,,,,,05/06/2022 02:37:00 pm,8.700,0.48,-0.21,0.88
,,,,,,,,,,05/06/2022 02:37:00 pm,8.710,0.48,-0.20,1.11
,,,,,,,,,,05/06/2022 02:37:00 pm,8.720,0.47,-0.19,1.43
,,,,,,,,,,05/06/2022 02:37:00 pm,8.730,0.47,-0.17,1.50
,,,,,,,,,,05/06/2022 02:37:00 pm,8.740,0.47,-0.16,1.39
,,,,,,,,,,05/06/2022 02:37:00 pm,8.750,0.47,-0.15,1.37
,,,,,,,,,,05/06/2022 02:37:00 pm,8.760,0.47,-0.13,1.51
,,,,,,,,,,05/06/2022 02:37:00 pm,8.770,0.47,-0.11,1.67
,,,,,,,,,,05/06/2022 02:37:00 pm,8.780,0.46,-0.10,1.73
,,,,,,,,,,05/06/2022 02:37:00 pm,8.790,0.46,-0.08,1.69
,,,,,,,,,,05/06/2022 02:37:00 pm,8.800,0.46,-0.06,1.58
,,,,,,,,,,05/06/2022 02:37:00 pm,8.810,0.46,-0.05,1.52
,,,,,,,,,,05/06/2022 02:37:00 pm,8.820,0.46,-0.03,1.60
,,,,,,,,,,05/06/2022 02:37:00 pm,8.830,0.46,-0.02,1.80
,,,,,,,,,,05/06/2022 02:37:00 pm,8.840,0.46,0.00,1.92
,,,,,,,,,,05/06/2022 02:37:00 pm,8.850,0.46,0.02,1.84
,,,,,,,,,,05/06/2022 02:37:00 pm,8.860,0.46,0.04,1.64
,,,,,,,,,,05/06/2022 02:37:00 pm,8.870,0.46,0.06,1.52
,,,,,,,,,,05/06/2022 02:37:00 pm,8.880,0.46,0.07,1.57
,,,,,,,,,,05/06/2022 02:37:00 pm,8.890,0.46,0.09,1.63
,,,,,,,,,,05/06/2022 02:37:00 pm,8.900,0.47,0.10,1.58
,,,,,,,,,,05/06/2022 02:37:00 pm,8.910,0.47,0.12,1.53
,,,,,,,,,,05/06/2022 02:37:00 pm,8.920,0.47,0.13,1.53
,,,,,,,,,,05/06/2022 02:37:00 pm,8.930,0.47,0.15,1.50
,,,,,,,,,,05/06/2022 02:37:00 pm,8.940,0.47,0.16,1.35
,,,,,,,,,,05/06/2022 02:37:00 pm,8.950,0.47,0.18,1.24
,,,,,,,,,,05/06/2022 02:37:00 pm,8.960,0.47,0.19,1.25
,,,,,,,,,,05/06/2022 02:37:00 pm,8.970,0.48,0.20,1.18
,,,,,,,,,,05/06/2022 02:37:00 pm,8.980,0.48,0.21,0.93
,,,,,,,,,,05/06/2022 02:37:00 pm,8.990,0.48,0.22,0.71
,,,,,,,,,,05/06/2022 02:37:01 pm,9.000,0.48,0.23,0.75
,,,,,,,,,,05/06/2022 02:37:01 pm,9.010,0.48,0.23,0.87
,,,,,,,,,,05/06/2022 02:37:01 pm,9.020,0.49,0.25,0.80
,,,,,,,,,,05/06/2022 02:37:01 pm,9.030,0.49,0.25,0.56
,,,,,,,,,,05/06/2022 02:37:01 pm,9.040,0.49,0.25,0.31
,,,,,,,,,,05/06/2022 02:37:01 pm,9.050,0.49,0.26,0.15
,,,,,,,,,,05/06/2022 02:37:01 pm,9.060,0.50,0.26,0.08
,,,,,,,,,,05/06/2022 02:37:01 pm,9.070,0.50,0.26,0.18
,,,,,,,,,,05/06/2022 02:37:01 pm,9.080,0.50,0.26,0.27
,,,,,,,,,,05/06/2022 02:37:01 pm,9.090,0.51,0.27,0.04
,,,,,,,,,,05/06/2022 02:37:01 pm,9.100,0.51,0.26,-0.27
,,,,,,,,,,05/06/2022 02:37:01 pm,9.110,0.51,0.25,-0.41
,,,,,,,,,,05/06/2022 02:37:01 pm,9.120,0.51,0.26,-0.58
,,,,,,,,,,05/06/2022 02:37:01 pm,9.130,0.52,0.25,-0.20
,,,,,,,,,,05/06/2022 02:37:01 pm,9.140,0.52,0.23,0.31
,,,,,,,,,,05/06/2022 02:37:01 pm,9.150,0.52,0.26,0.02
,,,,,,,,,,05/06/2022 02:37:01 pm,9.160,0.52,0.26,-1.71
,,,,,,,,,,05/06/2022 02:37:01 pm,9.170,0.53,0.23,-3.34
,,,,,,,,,,05/06/2022 02:37:01 pm,9.180,0.53,0.17,-2.52
,,,,,,,,,,05/06/2022 02:37:01 pm,9.190,0.53,0.15,-0.85
,,,,,,,,,,05/06/2022 02:37:01 pm,9.200,0.53,0.18,-0.12
,,,,,,,,,,05/06/2022 02:37:01 pm,9.210,0.53,0.17,-0.55
,,,,,,,,,,05/06/2022 02:37:01 pm,9.220,0.53,0.15,-1.00
,,,,,,,,,,05/06/2022 02:37:01 pm,9.230,0.54,0.15,-1.25
,,,,,,,,,,05/06/2022 02:37:01 pm,9.240,0.54,0.14,-1.89
,,,,,,,,,,05/06/2022 02:37:01 pm,9.250,0.54,0.11,-2.13
,,,,,,,,,,05/06/2022 02:37:01 pm,9.260,0.54,0.08,-1.29
,,,,,,,,,,05/06/2022 02:37:01 pm,9.270,0.54,0.08,-0.49
,,,,,,,,,,05/06/2022 02:37:01 pm,9.280,0.54,0.09,-0.93
,,,,,,,,,,05/06/2022 02:37:01 pm,9.290,0.54,0.07,-2.14
,,,,,,,,,,05/06/2022 02:37:01 pm,9.300,0.54,0.03,-2.31
,,,,,,,,,,05/06/2022 02:37:01 pm,9.310,0.54,0.00,-1.46
,,,,,,,,,,05/06/2022 02:37:01 pm,9.320,0.54,0.01,-1.45
,,,,,,,,,,05/06/2022 02:37:01 pm,9.330,0.54,0.00,-2.66
,,,,,,,,,,05/06/2022 02:37:01 pm,9.340,0.54,-0.05,-3.35
,,,,,,,,,,05/06/2022 02:37:01 pm,9.350,0.54,-0.09,-2.12
,,,,,,,,,,05/06/2022 02:37:01 pm,9.360,0.54,-0.10,-0.66
,,,,,,,,,,05/06/2022 02:37:01 pm,9.370,0.54,-0.08,-0.29
,,,,,,,,,,05/06/2022 02:37:01 pm,9.380,0.54,-0.10,-0.98
,,,,,,,,,,05/06/2022 02:37:01 pm,9.390,0.54,-0.11,-1.16
,,,,,,,,,,05/06/2022 02:37:01 pm,9.400,0.54,-0.13,-1.06
,,,,,,,,,,05/06/2022 02:37:01 pm,9.410,0.54,-0.12,-0.98
,,,,,,,,,,05/06/2022 02:37:01 pm,9.420,0.53,-0.15,-1.01
,,,,,,,,,,05/06/2022 02:37:01 pm,9.430,0.53,-0.15,-1.97
,,,,,,,,,,05/06/2022 02:37:01 pm,9.440,0.53,-0.16,-2.63
,,,,,,,,,,05/06/2022 02:37:01 pm,9.450,0.53,-0.22,-2.82
,,,,,,,,,,05/06/2022 02:37:01 pm,9.460,0.53,-0.23,-1.62
,,,,,,,,,,05/06/2022 02:37:01 pm,9.470,0.52,-0.25,0.04
,,,,,,,,,,05/06/2022 02:37:01 pm,9.480,0.52,-0.23,0.93
,,,,,,,,,,05/06/2022 02:37:01 pm,9.490,0.52,-0.22,0.70
,,,,,,,,,,05/06/2022 02:37:01 pm,9.500,0.52,-0.21,-1.25
,,,,,,,,,,05/06/2022 02:37:01 pm,9.510,0.52,-0.23,-2.15
,,,,,,,,,,05/06/2022 02:37:01 pm,9.520,0.51,-0.29,-0.49
,,,,,,,,,,05/06/2022 02:37:01 pm,9.530,0.51,-0.26,1.21
,,,,,,,,,,05/06/2022 02:37:01 pm,9.540,0.51,-0.21,0.24
,,,,,,,,,,05/06/2022 02:37:01 pm,9.550,0.51,-0.24,-2.05
,,,,,,,,,,05/06/2022 02:37:01 pm,9.560,0.50,-0.30,-1.64
,,,,,,,,,,05/06/2022 02:37:01 pm,9.570,0.50,-0.30,0.60
,,,,,,,,,,05/06/2022 02:37:01 pm,9.580,0.50,-0.25,1.62
,,,,,,,,,,05/06/2022 02:37:01 pm,9.590,0.49,-0.25,1.03
,,,,,,,,,,05/06/2022 02:37:01 pm,9.600,0.49,-0.25,0.46
,,,,,,,,,,05/06/2022 02:37:01 pm,9.610,0.49,-0.24,0.57
,,,,,,,,,,05/06/2022 02:37:01 pm,9.620,0.49,-0.23,0.57
,,,,,,,,,,05/06/2022 02:37:01 pm,9.630,0.48,-0.23,0.60
,,,,,,,,,,05/06/2022 02:37:01 pm,9.640,0.48,-0.23,0.78
,,,,,,,,,,05/06/2022 02:37:01 pm,9.650,0.48,-0.21,1.04
,,,,,,,,,,05/06/2022 02:37:01 pm,9.660,0.48,-0.20,1.15
,,,,,,,,,,05/06/2022 02:37:01 pm,9.670,0.48,-0.19,1.14
,,,,,,,,,,05/06/2022 02:37:01 pm,9.680,0.47,-0.18,1.18
,,,,,,,,,,05/06/2022 02:37:01 pm,9.690,0.47,-0.17,1.28
,,,,,,,,,,05/06/2022 02:37:01 pm,9.700,0.47,-0.15,1.38
,,,,,,,,,,05/06/2022 02:37:01 pm,9.710,0.47,-0.14,1.44
,,,,,,,,,,05/06/2022 02:37:01 pm,9.720,0.47,-0.13,1.43
,,,,,,,,,,05/06/2022 02:37:01 pm,9.730,0.47,-0.11,1.47
,,,,,,,,,,05/06/2022 02:37:01 pm,9.740,0.47,-0.10,1.57
,,,,,,,,,,05/06/2022 02:37:01 pm,9.750,0.47,-0.08,1.63
,,,,,,,,,,05/06/2022 02:37:01 pm,9.760,0.46,-0.06,1.58
,,,,,,,,,,05/06/2022 02:37:01 pm,9.770,0.46,-0.05,1.52
,,,,,,,,,,05/06/2022 02:37:01 pm,9.780,0.46,-0.03,1.61
,,,,,,,,,,05/06/2022 02:37:01 pm,9.790,0.46,-0.02,1.77
,,,,,,,,,,05/06/2022 02:37:01 pm,9.800,0.46,0.00,1.79
,,,,,,,,,,05/06/2022 02:37:01 pm,9.810,0.46,0.02,1.64
,,,,,,,,,,05/06/2022 02:37:01 pm,9.820,0.46,0.04,1.52
,,,,,,,,,,05/06/2022 02:37:01 pm,9.830,0.46,0.05,1.60
,,,,,,,,,,05/06/2022 02:37:01 pm,9.840,0.46,0.07,1.77
,,,,,,,,,,05/06/2022 02:37:01 pm,9.850,0.47,0.09,1.79
,,,,,,,,,,05/06/2022 02:37:01 pm,9.860,0.47,0.10,1.60
,,,,,,,,,,05/06/2022 02:37:01 pm,9.870,0.47,0.12,1.39
,,,,,,,,,,05/06/2022 02:37:01 pm,9.880,0.47,0.13,1.33
,,,,,,,,,,05/06/2022 02:37:01 pm,9.890,0.47,0.14,1.38
,,,,,,,,,,05/06/2022 02:37:01 pm,9.900,0.47,0.16,1.40
,,,,,,,,,,05/06/2022 02:37:01 pm,9.910,0.47,0.17,1.30
,,,,,,,,,,05/06/2022 02:37:01 pm,9.920,0.47,0.18,1.21
,,,,,,,,,,05/06/2022 02:37:01 pm,9.930,0.48,0.20,1.11
,,,,,,,,,,05/06/2022 02:37:01 pm,9.940,0.48,0.21,1.02
,,,,,,,,,,05/06/2022 02:37:01 pm,9.950,0.48,0.22,0.87
,,,,,,,,,,05/06/2022 02:37:01 pm,9.960,0.48,0.23,0.77
,,,,,,,,,,05/06/2022 02:37:01 pm,9.970,0.49,0.23,0.73
,,,,,,,,,,05/06/2022 02:37:01 pm,9.980,0.49,0.24,0.64
,,,,,,,,,,05/06/2022 02:37:01 pm,9.990,0.49,0.25,0.51
,,,,,,,,,,05/06/2022 02:37:02 pm,10.000,0.49,0.25,0.27
,,,,,,,,,,05/06/2022 02:37:02 pm,10.010,0.50,0.25,0.01
,,,,,,,,,,05/06/2022 02:37:02 pm,10.020,0.50,0.25,-0.10
,,,,,,,,,,05/06/2022 02:37:02 pm,10.030,0.50,0.25,0.26
,,,,,,,,,,05/06/2022 02:37:02 pm,10.040,0.50,0.25,0.56
,,,,,,,,,,05/06/2022 02:37:02 pm,10.050,0.51,0.27,-0.06
,,,,,,,,,,05/06/2022 02:37:02 pm,10.060,0.51,0.26,-0.41
,,,,,,,,,,05/06/2022 02:37:02 pm,10.070,0.51,0.23,0.17
,,,,,,,,,,05/06/2022 02:37:02 pm,10.080,0.51,0.26,0.52
,,,,,,,,,,05/06/2022 02:37:02 pm,10.090,0.51,0.28,-0.66
,,,,,,,,,,05/06/2022 02:37:02 pm,10.100,0.52,0.25,-2.29
,,,,,,,,,,05/06/2022 02:37:02 pm,10.110,0.52,0.21,-1.74
,,,,,,,,,,05/06/2022 02:37:02 pm,10.120,0.52,0.19,-0.50
,,,,,,,,,,05/06/2022 02:37:02 pm,10.130,0.53,0.22,-0.25
,,,,,,,,,,05/06/2022 02:37:02 pm,10.140,0.53,0.20,-0.82
,,,,,,,,,,05/06/2022 02:37:02 pm,10.150,0.53,0.19,-1.12
,,,,,,,,,,05/06/2022 02:37:02 pm,10.160,0.53,0.18,-0.92
,,,,,,,,,,05/06/2022 02:37:02 pm,10.170,0.53,0.17,-1.17
,,,,,,,,,,05/06/2022 02:37:02 pm,10.180,0.53,0.16,-1.32
,,,,,,,,,,05/06/2022 02:37:02 pm,10.190,0.54,0.14,-1.39
,,,,,,,,,,05/06/2022 02:37:02 pm,10.200,0.54,0.14,-1.60
,,,,,,,,,,05/06/2022 02:37:02 pm,10.210,0.54,0.11,-2.17
,,,,,,,,,,05/06/2022 02:37:02 pm,10.220,0.54,0.09,-2.23
,,,,,,,,,,05/06/2022 02:37:02 pm,10.230,0.54,0.06,-0.77
,,,,,,,,,,05/06/2022 02:37:02 pm,10.240,0.54,0.06,0.83
,,,,,,,,,,05/06/2022 02:37:02 pm,10.250,0.54,0.10,0.45
,,,,,,,,,,05/06/2022 02:37:02 pm,10.260,0.54,0.10,-2.51
,,,,,,,,,,05/06/2022 02:37:02 pm,10.270,0.54,0.04,-5.26
,,,,,,,,,,05/06/2022 02:37:02 pm,10.280,0.54,-0.04,-4.93
,,,,,,,,,,05/06/2022 02:37:02 pm,10.290,0.54,-0.08,-2.39
,,,,,,,,,,05/06/2022 02:37:02 pm,10.300,0.54,-0.07,0.01
,,,,,,,,,,05/06/2022 02:37:02 pm,10.310,0.54,-0.06,0.44
,,,,,,,,,,05/06/2022 02:37:02 pm,10.320,0.54,-0.05,-0.55
,,,,,,,,,,05/06/2022 02:37:02 pm,10.330,0.54,-0.07,-1.70
,,,,,,,,,,05/06/2022 02:37:02 pm,10.340,0.54,-0.10,-2.23
,,,,,,,,,,05/06/2022 02:37:02 pm,10.350,0.54,-0.12,-2.06
,,,,,,,,,,05/06/2022 02:37:02 pm,10.360,0.54,-0.14,-1.73
,,,,,,,,,,05/06/2022 02:37:02 pm,10.370,0.53,-0.16,-1.34
,,,,,,,,,,05/06/2022 02:37:02 pm,10.380,0.53,-0.17,-0.97
,,,,,,,,,,05/06/2022 02:37:02 pm,10.390,0.53,-0.17,-0.82
,,,,,,,,,,05/06/2022 02:37:02 pm,10.400,0.53,-0.18,-1.12
,,,,,,,,,,05/06/2022 02:37:02 pm,10.410,0.53,-0.20,-1.36
,,,,,,,,,,05/06/2022 02:37:02 pm,10.420,0.53,-0.21,-1.26
,,,,,,,,,,05/06/2022 02:37:02 pm,10.430,0.52,-0.22,-0.84
,,,,,,,,,,05/06/2022 02:37:02 pm,10.440,0.52,-0.23,-0.84
,,,,,,,,,,05/06/2022 02:37:02 pm,10.450,0.52,-0.23,
,,,,,,,,,,05/06/2022 02:37:02 pm,10.460,0.52,-0.25,
,,,,,,,,,,05/06/2022 02:37:02 pm,10.470,0.51,,
